DBN,DataName,SchoolName1,SchoolName2,NumSHSATTestTakers,NumSpecializedOffers,OffersPerStudent,PctBlackOrHispanic
20K187,THE CHRISTA MCAULIFFE SCHOOL\I.S. 187,Intermediate School 187,The Christa McAuliffe School,251,205,75%,8%
21K239,MARK TWAIN I.S. 239 FOR THE GIFTED & TALENTED,Intermediate School 239,The Mark Twain Intermediate School for the Gifted and Talented,336,196,46%,13%
03M054,J.H.S. 054 BOOKER T. WASHINGTON,Junior High School 54,The Booker T. Washington School,257,150,53%,23%
15K051,M.S. 51 WILLIAM ALEXANDER,Midde School 51,The William Alexander School,280,122,33%,28%
02M312,NEW YORK CITY LAB MIDDLE SCHOOL FOR COLLABORATIVE STUDIES,,New York City Lab Middle School for Collaborative Studies,163,113,62%,8%
21K098,I.S. 98 BAY ACADEMY,Intermediate School 98,The Bay Academy School,372,104,21%,12%
20K201,J.H.S. 201 THE DYKER HEIGHTS,Junior High School 201,The Dyker Heights School,338,101,19%,16%
26Q074,J.H.S. 074 NATHANIEL HAWTHORNE,Junior High School 74,The Nathaniel Hawthorne School,233,95,23%,15%
26Q216,J.H.S. 216 GEORGE J. RYAN,Junior High School 216,The George J. Ryan School,304,95,19%,18%
25Q185,J.H.S. 185 EDWARD BLEEKER,Junior High School 185,The Edward Bleeker School,250,93,17%,32%
01M539,"NEW EXPLORATIONS INTO SCIENCE, TECHNOLOGY AND MATH SCHOOL",,"New Explorations into Science, Technology and Math School",126,91,67%,19%
20K259,J.H.S. 259 WILLIAM MCKINLEY,Junior High School 259,The William McKinley School,309,86,15%,21%
26Q158,M.S. 158 MARIE CURIE,Middle School 158,The Marie Curie School,236,84,22%,20%
26Q067,J.H.S. 067 LOUIS PASTEUR,Junior High School 67,The Louis Pasteur School,211,82,27%,15%
22K234,J.H.S. 234 ARTHUR W. CUNNINGHAM,Junior High School 234,The Arthur W. Cunningham School,370,79,12%,30%
02M167,J.H.S. 167 ROBERT F. WAGNER,Junior High School 167,The Robert F. Wagner School,258,77,18%,22%
02M114,EAST SIDE MIDDLE SCHOOL,,East Side Middle School,124,75,49%,12%
24Q073,I.S. 73 - THE FRANK SANSIVIERI INTERMEDIATE SCHOOL,Intermediate School 73,The Frank Sansivieri Intermediate School,394,73,10%,59%
02M255,M.S. 255 SALK SCHOOL OF SCIENCE,Middle School 255,The Salk School of Science,108,70,55%,13%
30Q580,BACCALAUREATE SCHOOL FOR GLOBAL EDUCATION,,Baccalaureate School for Global Education,94,62,52%,21%
24Q119,I.S. 119 THE GLENDALE,Intermediate School 119,The Glendale School,104,59,27%,32%
03M334,THE ANDERSON SCHOOL,,The Anderson School,75,58,76%,12%
25Q194,J.H.S. 194 WILLIAM CARR,Junior High School 194,The William Carr School,147,54,14%,33%
28Q190,J.H.S. 190 RUSSELL SAGE,Junior High School 190,The Russell Sage School,172,53,15%,35%
25Q237,I.S. 237,,Intermediate School 237,194,53,12%,23%
02M104,J.H.S. 104 SIMON BARUCH,Junior High School 104,The Simon Baruch School,260,53,14%,26%
28Q157,J.H.S. 157 STEPHEN A. HALSEY,Junior High School 157,The Stephen A. Halsey School,249,52,10%,33%
15K447,THE MATH & SCIENCE EXPLORATORY SCHOOL,,The Math and Science Exploratory School,134,51,29%,31%
30Q122,P.S. 122 MAMIE FAY,Public School 122,The Mamie Fay School,74,49,65%,25%
20K686,BROOKLYN SCHOOL OF INQUIRY,,Brooklyn School of Inquiry,80,46,54%,10%
31R075,I.S. 075 FRANK D. PAULO,Intermediate School 75,The Frank D. Paulo School,153,46,11%,14%
24Q005,I.S. 5 - THE WALTER CROWLEY INTERMEDIATE SCHOOL,Intermediate School 5,The Walter Crowley Intermediate School,264,40,6%,53%
20K180,THE SEEALL ACADEMY,,The Seeall Academy,113,38,22%,28%
24Q125,I.S. 125 THOM J. MCCANN WOODSIDE,Intermediate School 125,The Thom J. McCann Woodside School,272,34,6%,56%
26Q172,IRWIN ALTMAN MIDDLE SCHOOL 172,Middle School 172,The Irwin Altman Middle School,189,33,10%,24%
21K281,I.S. 281 JOSEPH B CAVALLARO,Intermediate School 281,The Joseph B. Cavallaro School,171,30,7%,31%
25Q025,I.S. 025 ADRIEN BLOCK,Intermediate School 25,The Adrien Block School,147,29,9%,26%
10X118,J.H.S. 118 WILLIAM W. NILES,Junior High School 118,The William W. Niles School,270,29,7%,82%
04M012,TAG YOUNG SCHOLARS,,Tag Young Scholars,54,27,48%,36%
27Q323,SCHOLARS' ACADEMY,,Scholars' Academy,104,27,12%,37%
20K220,J.H.S. 220 JOHN J. PERSHING,Junior High School 220,The John J. Pershing School,181,27,5%,43%
30Q227,I.S. 227 LOUIS ARMSTRONG,Intermediate School 227,The Louis Armstrong School,206,27,6%,59%
14K318,I.S. 318 EUGENIO MARIA DE HOSTOS,Intermediate School 318,The Eugenio Maria De Hostos School,222,27,6%,78%
30Q300,THE 30TH AVENUE SCHOOL (G&T CITYWIDE),,The 30th Avenue School (G&T Citywide),39,26,63%,15%
31R072,I.S. 072 ROCCO LAURIE,Intermediate School 72,The Rocco Laurie School,139,26,6%,31%
30Q230,I.S. 230,,Intermediate School 230,157,26,6%,60%
30Q141,I.S. 141 THE STEINWAY,Intermediate School 141,The Steinway School,170,26,7%,37%
20K227,J.H.S. 227 EDWARD B. SHALLOW,Junior High School 227,The Edward B. Shallow School,197,25,5%,27%
28Q217,J.H.S. 217 ROBERT A. VAN WYCK,Junior High School 217,The Robert A. Van Wyck School,175,24,4%,56%
05M362,COLUMBIA SECONDARY SCHOOL,,Columbia Secondary School,42,23,24%,64%
28Q680,QUEENS GATEWAY TO HEALTH SCIENCES SECONDARY SCHOOL,,Queens Gateway to Health Sciences Secondary School,61,23,28%,37%
01M184,P.S. 184M SHUANG WEN,Public School 184,The Shuang Wen School,67,23,26%,17%
27Q137,M.S. 137 AMERICA'S SCHOOL OF HEROES,Middle School 137,The America's School of Heroes,179,23,4%,39%
02M276,BATTERY PARK CITY SCHOOL,,Battery Park City School,56,22,26%,17%
31R007,I.S. 007 ELIAS BERNSTEIN,Intermediate School 7,The Elias Bernstein School,129,22,6%,10%
25Q294,BELL ACADEMY,,Bell Academy,69,21,15%,36%
27Q210,J.H.S. 210 ELIZABETH BLACKWELL,Junior High School 210,The Elizabeth Blackwell School,169,21,3%,65%
25Q281,EAST-WEST SCHOOL OF INTERNATIONAL STUDIES,,East-West School of International Studies,70,20,19%,27%
20K229,P.S. 229 DYKER,Public School 229,The Dyker School,93,20,16%,13%
15K088,J.H.S. 088 PETER ROUGET,Junior High School 88,The Peter Rouget School,163,20,5%,68%
30Q126,ALBERT SHANKER SCHOOL FOR VISUAL AND PERFORMING ARTS,,Albert Shanker School for Visual and Performing Arts,59,19,11%,62%
03M245,M.S. M245 THE COMPUTER SCHOOL,Middle School M245,The Computer School,70,19,14%,40%
15K443,NEW VOICES SCHOOL OF ACADEMIC & CREATIVE ARTS,,New Voices School of Academic and Creative Arts,94,19,10%,40%
20K223,J.H.S. 223 THE MONTAUK,Junior High School 223,The Montauk School,142,19,6%,28%
02M126,P.S. 126 JACOB AUGUST RIIS,Public School 126,The Jacob August Riis School,66,18,16%,27%
27Q202,J.H.S. 202 ROBERT H. GODDARD,Junior High School 202,The Robert H. Goddard School,98,18,5%,54%
02M260,M.S. 260 CLINTON SCHOOL WRITERS & ARTISTS,Middle School 260,The Clinton School Writers and Artists,36,17,18%,16%
24Q102,P.S. 102 BAYVIEW,Public School 102,The Bayview School,67,17,12%,35%
25Q189,J.H.S. 189 DANIEL CARTER BEARD,Junior High School 189,The Daniel Carter Beard School,97,17,7%,30%
21K228,I.S. 228 DAVID A. BOODY,Intermediate School 228,The David A. Boody School,160,17,4%,32%
02M413,SCHOOL OF THE FUTURE HIGH SCHOOL,,School of the Future High School,46,15,15%,37%
10X141,RIVERDALE / KINGSBRIDGE ACADEMY (MIDDLE SCHOOL / HIGH SCHOOL 141),Middle School/High School 141,The Riverdale/Kingsbridge Academy,75,15,6%,65%
03M243,M.S. 243 CENTER SCHOOL,Middle School 243,The Center School,38,14,25%,30%
24Q049,P.S. 049 DOROTHY BONAWIT KOLE,Public School 49,The Dorothy Bonawit Kole School,43,14,11%,24%
01M839,TOMPKINS SQUARE MIDDLE SCHOOL,,Tompkins Square Middle School,66,14,11%,52%
31R027,I.S. 027 ANNING S. PRALL,Intermediate School 27,The Anning S. Prall School,77,14,4%,63%
25Q499,"THE QUEENS COLLEGE SCHOOL FOR MATH, SCIENCE AND TECHNOLOGY",,"The Queens College School for Math, Science and Technology",40,13,25%,34%
11X083,P.S. 083 DONALD HERTZ,Public School 83,The Donald Hertz School,77,13,6%,55%
03M862,MOTT HALL II,,Mott Hall II,64,12,10%,70%
30Q291,HUNTERS POINT COMMUNITY MIDDLE SCHOOL,,Hunters Point Community Middle School,65,11,8%,58%
20K104,P.S./I.S. 104 THE FORT HAMILTON SCHOOL,Public School/Intermediate School 104,The Fort Hamilton School,87,11,6%,31%
31R024,I.S. 024 MYRA S. BARNES,Intermediate School 24,The Myra S. Barnes School,132,11,3%,16%
02M397,SPRUCE STREET SCHOOL,,Spruce Street School,36,10,18%,17%
06M278,PAULA HEDBAVNY SCHOOL,,Paula Hedbavny School,24,9,14%,81%
28Q896,"YOUNG WOMEN'S LEADERSHIP SCHOOL, QUEENS",,"Young Women's Leadership School, Queens",29,9,12%,56%
24Q128,"P.S. 128 THE LORRAINE TUZZO, JUNIPER VALLEY ELEMENTARY SCHOOL",Public School 128,"The Lorraine Tuzzo, Juniper Valley Elementary School",46,9,8%,20%
22K206,P.S. 206 JOSEPH F LAMB,Public School 206,The Joseph F. Lamb School,51,9,8%,11%
31R048,P.S. 048 WILLIAM G. WILCOX,Public School 48,The William G. Wilcox School,70,9,8%,21%
19K292,J.H.S. 292 MARGARET S. DOUGLAS,Junior High School 292,The Margaret S. Douglas School,81,9,4%,78%
21K096,I.S. 096 SETH LOW,Intermediate School 96,The Seth Low School,114,9,3%,36%
29Q109,JEAN NUZZI INTERMEDIATE SCHOOL,,Jean Nuzzi Intermediate School,117,9,3%,59%
11X127,J.H.S. 127 THE CASTLE HILL,Junior High School 127,The Castle Hill School,133,9,3%,64%
02M407,INSTITUTE FOR COLLABORATIVE EDUCATION,,Institute for Collaborative Education,21,8,11%,36%
84K707,BROOKLYN PROSPECT CHARTER SCHOOL,,Brooklyn Prospect Charter School,24,8,7%,48%
26Q266,P.S./I.S. 266,,Public School/Intermediate School 266,33,8,10%,43%
13K008,P.S. 008 ROBERT FULTON,Public School 8,The Robert Fulton School,42,8,13%,27%
11X194,P.S./M.S. 194,,Public School/Middle School 194,64,8,5%,56%
02M896,LOWER MANHATTAN COMMUNITY MIDDLE SCHOOL,,Lower Manhattan Community Middle School,70,8,6%,28%
31R034,I.S. 034 TOTTENVILLE,Intermediate School 34,The Tottenville School,81,8,2%,12%
11X181,I.S. 181 PABLO CASALS,Intermediate School 181,The Pablo Casals School,124,8,3%,88%
25Q219,P.S. 219 PAUL KLAPPER,Public School 219,The Paul Klapper School,29,7,9%,36%
15K839,M.S. 839,,Middle School 839,36,7,7%,40%
20K163,P.S. 163 BATH BEACH,Public School 163,The Bath Beach School,39,7,8%,36%
84K758,BROOKLYN URBAN GARDEN CHARTER SCHOOL,,Brooklyn Urban Garden Charter School,43,7,7%,72%
21K226,P.S. 226 ALFRED DE B.MASON,Public School 226,The Alfred De B. Mason School,44,7,7%,31%
84K362,HELLENIC CLASSICAL CHARTER SCHOOL,,Hellenic Classical Charter School,46,7,14%,62%
02M131,M.S. 131,,Middle School 131,54,7,5%,17%
08X101,M.S. X101 EDWARD R. BYRNE,Middle School X101,The Edward R. Byrne School,66,7,5%,67%
31R063,MARSH AVENUE SCHOOL FOR EXPEDITIONARY LEARNING,,Marsh Avenue School for Expeditionary Learning,70,7,4%,31%
18K235,P.S. 235 JANICE MARIE KNIGHT SCHOOL,Public School 235,The Janice Marie Knight School,89,7,8%,95%
14K577,CONSELYEA PREPARATORY SCHOOL,,Conselyea Preparatory School,90,7,4%,61%
22K278,J.H.S. 278 MARINE PARK,Junior High School 278,The Marine Park School,98,7,2%,60%
30Q145,I.S. 145 JOSEPH PULITZER,Intermediate School 145,The Joseph Pulitzer School,137,7,1%,90%
03M291,WEST END SECONDARY SCHOOL,,West End Secondary School,31,6,5%,25%
15K497,THE BOERUM HILL SCHOOL FOR INTERNATIONAL STUDIES,,The Boerum Hill School for International Studies,32,6,6%,60%
84X494,SUCCESS ACADEMY CHARTER SCHOOL - BRONX 2,,Success Academy Charter School - Bronx 2,36,6,9%,97%
25Q164,P.S. 164 QUEENS VALLEY,Public School 164,The Queens Valley School,38,6,7%,32%
20K030,P.S./I.S. 30 MARY WHITE OVINGTON,Public School/Intermediate School 30,The Mary White Ovington School,51,6,5%,32%
84Q298,MIDDLE VILLAGE PREP CHARTER SCHOOL,,Middle Village Prep Charter School,58,6,5%,58%
31R051,I.S. 051 EDWIN MARKHAM,Intermediate School 51,The Edwin Markham School,101,6,1%,68%
01M188,P.S. 188 THE ISLAND SCHOOL,Public School 188,The Island School,0,0,0,95%
02M225,ELLA BAKER SCHOOL,,Ella Baker School,0,0,0,49%
02M655,LIFE SCIENCES SECONDARY SCHOOL,,Life Sciences Secondary School,0,0,0,88%
03M076,P.S. 076 A. PHILIP RANDOLPH,Public School 76,The A. Philip Randolph School,0,0,0,97%
03M149,P.S. 149 SOJOURNER TRUTH,Public School 149,The Sojourner Truth School,0,0,0,91%
03M250,M.S. 250 WEST SIDE COLLABORATIVE MIDDLE SCHOOL,Middle School 250,The West Side Collaborative Middle School,0,0,0,83%
03M860,FREDERICK DOUGLASS ACADEMY II SECONDARY SCHOOL,,Frederick Douglass Academy II Secondary School,0,0,0,95%
04M007,P.S. 007 SAMUEL STERN,Public School 7,The Samuel Stern School,0,0,0,93%
04M096,P.S. 096 JOSEPH LANZETTA,Public School 96,The Joseph Lanzetta School,0,0,0,93%
04M372,ESPERANZA PREPARATORY ACADEMY,,Esperanza Preparatory Academy,0,0,0,96%
04M406,GLOBAL TECHNOLOGY PREPARATORY,,Global Technology Preparatory,0,0,0,93%
05M123,P.S. 123 MAHALIA JACKSON,Public School 123,The Mahalia Jackson School,0,0,0,92%
06M349,HARBOR HEIGHTS,,Harbor Heights,0,0,0,100%
06M528,I.S. 528 BEA FULLER RODGERS SCHOOL,Intermediate School 528,The Bea Fuller Rodgers School,0,0,0,100%
07X151,J.H.S. 151 LOU GEHRIG,Junior High School 151,The Lou Gehrig School,0,0,0,97%
07X224,P.S./I.S. 224,,Public School/Intermediate School 224,0,0,0,98%
07X500,HOSTOS-LINCOLN ACADEMY OF SCIENCE,,Hostos-Lincoln Academy of Science,0,0,0,96%
07X551,THE URBAN ASSEMBLY BRONX ACADEMY OF LETTERS,,The Urban Assembly Bronx Academy of Letters,0,0,0,96%
08X269,BRONX STUDIO SCHOOL FOR WRITERS AND ARTISTS,,Bronx Studio School for Writers and Artists,0,0,0,98%
08X301,M.S. 301 PAUL L. DUNBAR,Middle School 301,The Paul L. Dunbar School,0,0,0,98%
08X424,THE HUNTS POINT SCHOOL,,The Hunts Point School,0,0,0,96%
09X117,I.S. 117 JOSEPH H. WADE,Intermediate School 117,The Joseph H. Wade School,0,0,0,97%
09X229,I.S. 229 ROLAND PATTERSON,Intermediate School 229,The Roland Patterson School,0,0,0,98%
10X342,INTERNATIONAL SCHOOL FOR LIBERAL ARTS,,International School for Liberal Arts,0,0,0,100%
12X098,J.H.S. 098 HERMAN RIDDER,Junior High School 98,The Herman Ridder School,0,0,0,95%
12X212,P.S. 212,,Public School 212,0,0,0,98%
12X267,BRONX LATIN,,Bronx Latin,0,0,0,97%
12X286,FANNIE LOU HAMER MIDDLE SCHOOL,,Fannie Lou Hamer Middle School,0,0,0,97%
13K265,DR. SUSAN S. MCKINNEY SECONDARY SCHOOL OF THE ARTS,,Dr. Susan S. McKinney Secondary School of the Arts,0,0,0,95%
14K071,JUAN MOREL CAMPOS SECONDARY SCHOOL,,Juan Morel Campos Secondary School,0,0,0,93%
14K582,M.S. 582,,Middle School 582,0,0,0,93%
14K614,YOUNG WOMEN'S LEADERSHIP SCHOOL OF BROOKLYN,,Young Women's Leadership School of Brooklyn,0,0,0,88%
17K531,"SCHOOL FOR HUMAN RIGHTS, THE",,The School for Human Rights,0,0,0,96%
23K041,P.S. 041 FRANCIS WHITE,Public School 41,The Francis White School,0,0,0,91%
23K178,P.S. 178 SAINT CLAIR MCKELWAY,Public School 178,The Saint Clair McKelway School,0,0,0,93%
23K184,P.S. 184 NEWPORT,Public School 184,The Newport School,0,0,0,98%
23K697,TEACHERS PREPARATORY HIGH SCHOOL,,Teachers Preparatory High School,0,0,0,93%
27Q042,P.S./M.S. 042 R. VERNAM,Public School/Middle School 42,The R. Vernam School,0,0,0,95%
27Q047,P.S. 047 CHRIS GALAS,Public School 47,The Chris Galas School,0,0,0,20%
27Q114,P.S./M.S. 114 BELLE HARBOR,Public School/Middle School 114,The Belle Harbor School,0,0,0,13%
27Q318,WATERSIDE SCHOOL FOR LEADERSHIP,,Waterside School for Leadership,0,0,0,88%
29Q327,EAGLE ACADEMY FOR YOUNG MEN III,,Eagle Academy for Young Men III,0,0,0,92%
75K140,P.S. K140,,Public School K140,0,0,0,91%
75K369,P.S. K369 - COY L. COX SCHOOL,Public School K369,The Coy L. Cox School,0,0,0,87%
75M094,P.S. M094,,Public School M94,0,0,0,75%
75R025,SOUTH RICHMOND HIGH SCHOOL I.S./P.S. 25,Intermediate School/Public School 25,The South Richmond High School,0,0,0,69%
75X017,P.S. X017,,Public School X17,0,0,0,92%
75X168,P.S. 168,,Public School 168,0,0,0,94%
75X176,P.S. X176,,Public School X176,0,0,0,90%
84M204,CAPITAL PREPARATORY (CP) HARLEM CHARTER SCHOOL,,Capital Preparatory Harlem Charter School,0,0,0,98%
84M353,NEW HEIGHTS ACADEMY CHARTER SCHOOL,,New Heights Academy Charter School,0,0,0,100%
84X185,BRONX LIGHTHOUSE CHARTER SCHOOL,,Bronx Lighthouse Charter School,0,0,0,98%
01M034,P.S. 034 FRANKLIN D. ROOSEVELT,Public School 34,The Franklin D. Roosevelt School,6,0,0,93%
01M140,P.S. 140 NATHAN STRAUS,Public School 140,The Nathan Straus School,6,0,0,91%
02M217,P.S./I.S. 217 ROOSEVELT ISLAND,Public School/Intermediate School 217,The Roosevelt Island School,6,0,0,26%
03M191,THE RIVERSIDE SCHOOL FOR MAKERS AND ARTISTS,,The Riverside School for Makers and Artists,6,0,0,77%
04M377,RENAISSANCE SCHOOL OF THE ARTS,,Renaissance School of the Arts,6,0,0,95%
04M964,CENTRAL PARK EAST II,,Central Park East II,6,0,0,65%
06M018,P.S. 018 PARK TERRACE,Public School 18,The Park Terrace School,6,0,0,99%
06M348,WASHINGTON HEIGHTS EXPEDITIONARY LEARNING SCHOOL,,Washington Heights Expeditionary Learning School,6,0,0,95%
07X296,SOUTH BRONX ACADEMY FOR APPLIED MEDIA,,South Bronx Academy for Applied Media,6,0,0,97%
10X037,P.S. X037 - MULTIPLE INTELLIGENCE SCHOOL,Public School X37,The Multiple Intelligence School,6,0,0,95%
10X225,THEATRE ARTS PRODUCTION COMPANY SCHOOL,,Theatre Arts Production Company School,6,0,0,96%
12X372,URBAN ASSEMBLY SCHOOL FOR WILDLIFE CONSERVATION,,Urban Assembly School for Wildlife Conservation,6,0,0,94%
14K586,LYONS COMMUNITY SCHOOL,,Lyons Community School,6,0,0,96%
15K448,BROOKLYN SECONDARY SCHOOL FOR COLLABORATIVE STUDIES,,Brooklyn Secondary School for Collaborative Studies,6,0,0,83%
17K353,ELIJAH STROUD MIDDLE SCHOOL,,Elijah Stroud Middle School,6,0,0,96%
19K422,SPRING CREEK COMMUNITY SCHOOL,,Spring Creek Community School,6,0,0,95%
23K668,RIVERDALE AVENUE MIDDLE SCHOOL,,Riverdale Avenue Middle School,6,0,0,92%
29Q259,PATHWAYS COLLEGE PREPARATORY SCHOOL: A COLLEGE BOARD SCHOOL,,Pathways College Preparatory School: A College Board School,6,0,0,91%
30Q235,ACADEMY FOR NEW AMERICANS,,Academy for New Americans,6,0,0,67%
03M165,P.S. 165 ROBERT E. SIMON,Public School 165,The Robert E. Simon School,7,0,0,75%
04M050,P.S. 050 VITO MARCANTONIO,Public School 50,The Vito Marcantonio School,7,0,0,96%
09X004,P.S./M.S. 004 CROTONA PARK WEST,Public School/Middle School 4,The Crotona Park West School,7,0,0,97%
09X219,I.S. 219 NEW VENTURE SCHOOL,Intermediate School 219,The New Venture School,7,0,0,98%
09X231,EAGLE ACADEMY FOR YOUNG MEN,,Eagle Academy for Young Men,7,0,0,98%
12X211,P.S. 211,,Public School 211,7,0,0,99%
12X341,ACCION ACADEMY,,Accion Academy,7,0,0,97%
14K050,J.H.S. 050 JOHN D. WELLS,Junior High School 50,The John D. Wells School,7,0,0,96%
17K484,RONALD EDMONDS LEARNING CENTER II,,Ronald Edmonds Learning Center II,7,0,0,97%
19K404,ACADEMY FOR YOUNG WRITERS,,Academy for Young Writers,7,0,0,97%
21K121,P.S. 121 NELSON A. ROCKEFELLER,Public School 121,The Nelson A. Rockefeller School,7,0,0,45%
27Q043,P.S. 043,,Public School 43,7,0,0,91%
27Q105,P.S. 105 THE BAY SCHOOL,Public School 105,The Bay School,7,0,0,95%
32K349,"I.S. 349 MATH, SCIENCE & TECH.",Intermediate School 349,"The Math, Science and Technology School",7,0,0,99%
84K730,SUMMIT ACADEMY CHARTER SCHOOL,,Summit Academy Charter School,7,0,0,94%
84M704,HARBOR SCIENCE AND ARTS CHARTER SCHOOL,,Harbor Science and Arts Charter School,7,0,0,96%
84X482,DR. RICHARD IZQUIERDO HEALTH AND SCIENCE CHARTER SCHOOL,,Dr. Richard Izquierdo Health and Science Charter School,7,0,0,97%
04M610,YOUNG WOMEN'S LEADERSHIP SCHOOL,,Young Women's Leadership School,8,0,0,85%
05M046,P.S. 046 ARTHUR TAPPAN,Public School 46,The Arthur Tappan School,8,0,0,97%
06M210,P.S./I.S. 210 - TWENTY-FIRST CENTURY ACADEMY FOR COMMUNITY LEADERSHIP,Public School/Intermediate School 210,Twenty-First Century Academy for Community Leadership,8,0,0,99%
07X005,P.S. 5 PORT MORRIS,Public School 5,The Port Morris School,8,0,0,96%
07X221,SOUTH BRONX PREPARATORY: A COLLEGE BOARD SCHOOL,,South Bronx Preparatory: A College Board School,8,0,0,96%
10X206,I.S. 206 ANN MERSEREAU,Intermediate School 206,The Ann Mersereau School,8,0,0,97%
12X217,SCHOOL OF PERFORMING ARTS,,School of Performing Arts,8,0,0,95%
13K266,M.S. K266 - PARK PLACE COMMUNITY MIDDLE SCHOOL,Middle School K266,The Park Place Community Middle School,8,0,0,92%
16K308,P.S. 308 CLARA CARDWELL,Public School 308,The Clara Cardwell School,8,0,0,95%
23K155,P.S./ I.S. 155 NICHOLAS HERKIMER,Public School/Intermediate School 155,The Nicholas Herkimer School,8,0,0,95%
32K162,J.H.S. 162 THE WILLOUGHBY,Junior High School 162,The Willoughby School,8,0,0,93%
32K291,J.H.S. 291 ROLAND HAYES,Junior High School 291,The Roland Hayes School,8,0,0,97%
32K384,P.S./I.S. 384 FRANCES E. CARTER,Public School/Intermediate School 384,The Frances E. Carter School,8,0,0,98%
84M709,HARLEM VILLAGE ACADEMY CHARTER SCHOOL,,Harlem Village Academy Charter School,8,0,0,97%
02M408,PROFESSIONAL PERFORMING ARTS HIGH SCHOOL,,Professional Performing Arts High School,9,0,0,43%
04M108,P.S. 108 ASSEMBLYMAN ANGELO DEL TORO EDUCATIONAL COMPLEX,Public School 108,The Assemblyman Angelo Del Toro Educational Complex School,9,0,0,94%
06M328,COMMUNITY MATH & SCIENCE PREP,,Community Math and Science Prep,9,0,0,95%
07X031,P.S./M.S. 031 THE WILLIAM LLOYD GARRISON,Public School/Middle School 31,The William Lloyd Garrison School,9,0,0,94%
07X298,ACADEMY OF PUBLIC RELATIONS,,Academy of Public Relations,9,0,0,97%
08X376,ANTONIA PANTOJA PREPARATORY ACADEMY: A COLLEGE BOARD SCHOOL,,Antonia Pantoja Preparatory Academy: A College Board School,9,0,0,89%
09X313,I.S. 313 SCHOOL OF LEADERSHIP DEVELOPMENT,Intermediate School 313,The School of Leadership Development,9,0,0,98%
16K057,J.H.S. 057 WHITELAW REID,Junior High School 57,The Whitelaw Reid School,9,0,0,94%
17K352,EBBETS FIELD MIDDLE SCHOOL,,Ebbets Field Middle School,9,0,0,87%
23K137,P.S./I.S. 137 RACHEL JEAN MITCHELL,Public School/Intermediate School 137,The Rachel Jean Mitchell School,9,0,0,94%
23K284,"THE GREGORY JOCKO JACKSON SCHOOL OF SPORTS, ART, AND TECHNOLOGY",,"The Gregory Jocko Jackson School of Sports, Art, and Technology",9,0,0,99%
23K327,P.S. 327 DR. ROSE B. ENGLISH,Public School 327,The Dr. Rose B. English School,9,0,0,95%
23K522,MOTT HALL IV,,Mott Hall IV,9,0,0,98%
25Q200,P.S./M.S. 200 - THE POMONOK SCHOOL & STAR ACADEMY,Public School/Middle School 200,The Pomonok School and Star Academy,9,0,0,69%
27Q333,GOLDIE MAPLE ACADEMY,,Goldie Maple Academy,9,0,0,91%
29Q147,P.S./M.S. 147 RONALD MCNAIR,Public School/Middle School 147,The Ronald McNair School,9,0,0,96%
29Q356,COMMUNITY VOICES MIDDLE SCHOOL,,Community Voices Middle School,9,0,0,96%
03M859,SPECIAL MUSIC SCHOOL,,Special Music School,10,0,0,27%
05M148,EAGLE ACADEMY FOR YOUNG MEN OF HARLEM,,Eagle Academy for Young Men of Harlem,10,0,0,93%
05M670,THURGOOD MARSHALL ACADEMY FOR LEARNING AND SOCIAL CHANGE,,Thurgood Marshall Academy for Learning and Social Change,10,0,0,95%
07X029,P.S./M.S. 029 MELROSE SCHOOL,Public School/Middle School 29,The Melrose School,10,0,0,96%
07X584,I.S. 584,,Intermediate School 584,10,0,0,99%
09X413,BRONX HIGH SCHOOL FOR MEDICAL SCIENCE,,Bronx High School for Medical Science,10,0,0,90%
10X459,EAST FORDHAM ACADEMY FOR THE ARTS,,East Fordham Academy for the Arts,10,0,0,94%
12X384,ENTRADA ACADEMY,,Entrada Academy,10,0,0,94%
19K409,EAST NEW YORK FAMILY ACADEMY,,East New York Family Academy,10,0,0,94%
19K760,HIGHLAND PARK COMMUNITY SCHOOL,,Highland Park Community School,10,0,0,93%
23K323,P.S./I.S. 323,,Public School/Intermediate School 323,10,0,0,98%
23K671,MOTT HALL BRIDGES ACADEMY,,Mott Hall Bridges Academy,10,0,0,98%
29Q116,P.S./I.S. 116 WILLIAM C. HUGHLEY,Public School/Intermediate School 116,The William C. Hughley School,10,0,0,89%
29Q138,P.S./M.S. 138 SUNRISE,Public School/Middle School 138,The Sunrise School,10,0,0,92%
29Q283,PREPARATORY ACADEMY FOR WRITERS: A COLLEGE BOARD SCHOOL,,Preparatory Academy for Writers: A College Board School,10,0,0,94%
32K562,EVERGREEN MIDDLE SCHOOL FOR URBAN EXPLORATION,,Evergreen Middle School for Urban Exploration,10,0,0,97%
84M335,HARLEM VILLAGE ACADEMY LEADERSHIP CHARTER SCHOOL,,Harlem Village Academy Leadership Charter School,10,0,0,97%
01M301,"TECHNOLOGY, ARTS, AND SCIENCES STUDIO",,"Technology, Arts, and Sciences Studio",11,0,0,87%
03M256,LAFAYETTE ACADEMY,,Lafayette Academy,11,0,0,85%
03M258,COMMUNITY ACTION SCHOOL - MS 258,Middle School 258,The Community Action School,11,0,0,89%
04M072,THE LEXINGTON ACADEMY,,The Lexington Academy,11,0,0,94%
05M514,NEW DESIGN MIDDLE SCHOOL,,New Design Middle School,11,0,0,97%
08X123,J.H.S. 123 JAMES M. KIERAN,Junior High School 123,The James M. Kieran School,11,0,0,96%
12X273,FREDERICK DOUGLASS ACADEMY V. MIDDLE SCHOOL,,Frederick Douglass Academy V. Middle School,11,0,0,96%
18K588,MIDDLE SCHOOL FOR ART AND PHILOSOPHY,,Middle School for Art and Philosophy,11,0,0,95%
19K171,I.S. 171 ABRAHAM LINCOLN,Intermediate School 171,The Abraham Lincoln School,11,0,0,89%
27Q146,P.S. 146 HOWARD BEACH,Public School 146,The Howard Beach School,11,0,0,41%
32K347,I.S. 347 SCHOOL OF HUMANITIES,Intermediate School 347,The School of Humanities,11,0,0,97%
84X492,SOUTH BRONX EARLY COLLEGE ACADEMY CHARTER SCHOOL,,South Bronx Early College Academy Charter School,11,0,0,99%
03M247,M.S. M247 DUAL LANGUAGE MIDDLE SCHOOL,Middle School M247,The Dual Language Middle School,12,0,0,98%
06M311,AMISTAD DUAL LANGUAGE SCHOOL,,Amistad Dual Language School,12,0,0,93%
10X315,P.S. 315 LAB SCHOOL,Public School 315,The Lab School,12,0,0,98%
17K394,M.S. K394,,Middle School K394,12,0,0,91%
19K662,LIBERTY AVENUE MIDDLE SCHOOL,,Liberty Avenue Middle School,12,0,0,91%
19K663,SCHOOL OF THE FUTURE BROOKLYN,,School of the Future Brooklyn,12,0,0,96%
21K095,P.S. 095 THE GRAVESEND,Public School 95,The Gravesend School,12,0,0,43%
22K109,P.S. 109,,Public School 109,12,0,0,95%
23K644,EAGLE ACADEMY FOR YOUNG MEN II,,Eagle Academy for Young Men II,12,0,0,97%
23K664,BROOKLYN ENVIRONMENTAL EXPLORATION SCHOOL (BEES),,Brooklyn Environmental Exploration School,12,0,0,93%
24Q087,P.S./I.S. 087 MIDDLE VILLAGE,Public School/Intermediate School 87,The Middle Village School,12,0,0,54%
28Q008,J.H.S. 008 RICHARD S. GROSSLEY,Junior High School 8,The Richard S. Grossley School,12,0,0,67%
84M279,THE OPPORTUNITY CHARTER SCHOOL,,The Opportunity Charter School,12,0,0,96%
01M332,UNIVERSITY NEIGHBORHOOD MIDDLE SCHOOL,,University Neighborhood Middle School,13,0,0,86%
05M499,FREDERICK DOUGLASS ACADEMY,,Frederick Douglass Academy,13,0,0,94%
06M052,J.H.S. 052 INWOOD,Junior High School 52,The Inwood School,13,0,0,98%
06M293,CITY COLLEGE ACADEMY OF THE ARTS,,City College Academy of the Arts,13,0,0,95%
08X302,M.S. 302 LUISA DESSUS CRUZ,Middle School 302,The Luisa Dessus Cruz School,13,0,0,98%
09X241,"URBAN ASSEMBLY SCHOOL FOR APPLIED MATH AND SCIENCE, THE",,Urban Assembly School for Applied Math and Science,13,0,0,98%
09X324,BRONX EARLY COLLEGE ACADEMY FOR TEACHING & LEARNING,,Bronx Early College Academy for Teaching and Learning,13,0,0,95%
09X505,"BRONX SCHOOL FOR LAW, GOVERNMENT AND JUSTICE",,"Bronx School for Law, Government and Justice",13,0,0,96%
10X003,P.S. 3 RAUL JULIA MICRO SOCIETY,Public School 3,The Raul Julia Micro Society School,13,0,0,99%
10X254,I.S. 254,,Intermediate School 254,13,0,0,96%
17K722,NEW HEIGHTS MIDDLE SCHOOL,,New Heights Middle School,13,0,0,94%
27Q309,ACADEMY OF MEDICAL TECHNOLOGY: A COLLEGE BOARD SCHOOL,,Academy of Medical Technology: A College Board School,13,0,0,87%
84M708,HARLEM PREP CHARTER SCHOOL,,Harlem Prep Charter School,13,0,0,97%
84M861,FUTURE LEADERS INSTITUTE CHARTER SCHOOL,,Future Leaders Institute Charter School,13,0,0,97%
84Q705,RENAISSANCE CHARTER SCHOOL,,Renaissance Charter School,13,0,0,68%
04M224,M.S. 224 MANHATTAN EAST SCHOOL FOR ARTS & ACADEMICS,Middle School 224,The Manhattan East School for Arts and Academics,14,0,0,80%
11X175,P.S. 175 CITY ISLAND,Public School 175,The City Island School,14,0,0,45%
12X271,EAST BRONX ACADEMY FOR THE FUTURE,,East Bronx Academy for the Future,14,0,0,96%
20K192,P.S. 192 - THE MAGNET SCHOOL FOR MATH AND SCIENCE INQUIRY,Public School 192,The Magnet School for Math and Science Inquiry,14,0,0,49%
21K238,P.S. 238 ANNE SULLIVAN,Public School 238,The Anne Sullivan School,14,0,0,54%
27Q207,P.S. 207 ROCKWOOD PARK,Public School 207,The Rockwood Park School,14,0,0,20%
30Q078,P.S./I.S. 78Q,,Public School/Intermediate School 78Q,14,0,0,32%
02M442,"BALLET TECH, NYC PUBLIC SCHOOL FOR DANCE",,"Ballet Tech, NYC Public School for Dance",15,0,0,40%
03M333,P.S. 333 MANHATTAN SCHOOL FOR CHILDREN,Public School 333,The Manhattan School for Children,15,0,0,29%
05M286,URBAN ASSEMBLY ACADEMY FOR FUTURE LEADERS,,Urban Assembly Academy for Future Leaders,15,0,0,91%
06M366,WASHINGTON HEIGHTS ACADEMY,,Washington Heights Academy,15,0,0,96%
09X327,COMPREHENSIVE MODEL SCHOOL PROJECT M.S. 327,Middle School 327,The Comprehensive Model School,15,0,0,98%
11X532,BAYCHESTER MIDDLE SCHOOL,,Baychester Middle School,15,0,0,95%
14K157,P.S./I.S. 157 THE BENJAMIN FRANKLIN HEALTH & SCIENCE ACADEMY,,"Public School/Intermediate School, the Benjamin Franklin Health and Science Academy School",15,0,0,97%
17K382,ACADEMY FOR COLLEGE PREPARATION AND CAREER EXPLORATION: A COLLEGE BOARD SCHOOL,,Academy for College Preparation and Career Exploration: A College Board School,15,0,0,90%
17K590,MEDGAR EVERS COLLEGE PREPARATORY SCHOOL,,Medgar Evers College Preparatory School,15,0,0,93%
19K654,VAN SICLEN COMMUNITY MIDDLE SCHOOL,,Van Siclen Community Middle School,15,0,0,93%
21K468,KINGSBOROUGH EARLY COLLEGE SCHOOL,,Kingsborough Early College School,15,0,0,53%
27Q262,CHANNEL VIEW SCHOOL FOR RESEARCH,,Channel View School for Research,15,0,0,77%
84K757,UNITY PREP CHARTER SCHOOL,,Unity Prep Charter School,15,0,0,95%
84M336,KIPP INFINITY CHARTER SCHOOL,,Kipp Infinity Charter School,15,0,0,98%
84X461,METROPOLITAN LIGHTHOUSE CHARTER SCHOOL,,Metropolitan Lighthouse Charter School,15,0,0,97%
01M450,EAST SIDE COMMUNITY SCHOOL,,East Side Community School,16,0,0,70%
05M161,P.S. 161 PEDRO ALBIZU CAMPOS,Public School 161,The Pedro Albizu Campos School,16,0,0,95%
06M346,COMMUNITY HEALTH ACADEMY OF THE HEIGHTS,,Community Health Academy of the Heights,16,0,0,97%
09X303,I.S. X303 LEADERSHIP & COMMUNITY SERVICE,Intermediate School X303,The Leadership and Community Service School,16,0,0,97%
09X325,URBAN SCIENCE ACADEMY,,Urban Science Academy,16,0,0,98%
18K068,I.S. 068 ISAAC BILDERSEE,Intermediate School 68,The Isaac Bildersee School,16,0,0,90%
19K678,EAST NEW YORK MIDDLE SCHOOL OF EXCELLENCE,,East New York Middle School of Excellence,16,0,0,95%
24Q311,CORONA ARTS AND SCIENCES ACADEMY,,Corona Arts and Sciences Academy,16,0,0,97%
25Q285,WORLD JOURNALISM PREPARATORY: A COLLEGE BOARD SCHOOL,,World Journalism Preparatory: A College Board School,16,0,0,39%
27Q053,M.S. 053 BRIAN PICCOLO,Middle School 53,The Brian Piccolo School,16,0,0,95%
84K536,COMMUNITY ROOTS CHARTER SCHOOL,,Community Roots Charter School,16,0,0,45%
84M330,GIRLS PREPARATORY CHARTER SCHOOL OF NEW YORK,,Girls Preparatory Charter School of New York,16,0,0,93%
84M382,DREAM CHARTER SCHOOL,,Dream Charter School,16,0,0,96%
84R067,JOHN W. LAVELLE PREPARATORY CHARTER SCHOOL,,John W. Lavelle Preparatory Charter School,16,0,0,85%
84X177,MOTT HALL CHARTER SCHOOL,,Mott Hall Charter School,16,0,0,96%
02M933,CITY KNOLL MIDDLE SCHOOL,,City Knoll Middle School,17,0,0,76%
04M206,P.S. 206 JOSE CELSO BARBOSA,Public School 206,The Jose Celso Barbosa School,17,0,0,92%
06M143,J.H.S. 143 ELEANOR ROOSEVELT,Junior High School 143,The Eleanor Roosevelt School,17,0,0,94%
08X375,THE BRONX MATHEMATICS PREPARATORY SCHOOL,,The Bronx Mathematics Preparatory School,17,0,0,94%
10X391,THE ANGELO PATRI MIDDLE SCHOOL,,The Angelo Patri Middle School,17,0,0,96%
12X242,MOTT HALL V,,Mott Hall V,17,0,0,94%
13K691,FORT GREENE PREPARATORY ACADEMY,,Fort Greene Preparatory Academy,17,0,0,91%
18K598,MIDDLE SCHOOL OF MARKETING AND LEGAL STUDIES,,Middle School of Marketing and Legal Studies,17,0,0,90%
19K089,P.S. 089 CYPRESS HILLS,Public School 89,The Cypress Hills School,17,0,0,98%
21K099,P.S. 099 ISAAC ASIMOV,Public School 99,The Isaac Asimov School,17,0,0,25%
29Q355,COLLABORATIVE ARTS MIDDLE SCHOOL,,Collaborative Arts Middle School,17,0,0,96%
84K702,COMMUNITY PARTNERSHIP CHARTER SCHOOL,,Community Partnership Charter School,17,0,0,95%
84X422,ICAHN CHARTER SCHOOL 3,,Icahn Charter School 3,17,0,0,93%
06M209,HAMILTON GRANGE MIDDLE SCHOOL,,Hamilton Grange Middle School,18,0,0,96%
07X223,THE LABORATORY SCHOOL OF FINANCE AND TECHNOLOGY: X223,,The Laboratory School of Finance and Technology: X223,18,0,0,98%
09X361,THE HIGHBRIDGE GREEN SCHOOL,,The Highbridge Green School,18,0,0,97%
10X243,WEST BRONX ACADEMY FOR THE FUTURE,,West Bronx Academy for the Future,18,0,0,96%
12X318,"I.S. X318 MATH, SCIENCE & TECHNOLOGY THROUGH ARTS",Intermediate School X318,"The Math, Science and Technology Through Arts School",18,0,0,97%
14K084,P.S. 084 JOSE DE DIEGO,Public School 84,The Jos√© De Diego School,18,0,0,66%
15K136,I.S. 136 CHARLES O. DEWEY,Intermediate School 136,The Charles O. Dewey School,18,0,0,84%
17K354,THE SCHOOL OF INTEGRATED LEARNING,,The School of Integrated Learning,18,0,0,96%
18K581,EAST FLATBUSH COMMUNITY RESEARCH SCHOOL,,East Flatbush Community Research School,18,0,0,95%
29Q192,I.S. 192 THE LINDEN,Intermediate School 192,The Linden School,18,0,0,88%
31R028,THE EAGLE ACADEMY FOR YOUNG MEN OF STATEN ISLAND,,The Eagle Academy for Young Men of Staten Island,18,0,0,83%
84M341,HARLEM CHILDREN'S ZONE PROMISE ACADEMY II CHARTER SCHOOL,,Harlem Children's Zone Promise Academy II Charter School,18,0,0,97%
84M726,KIPP STAR COLLEGE PREP CHARTER SCHOOL,,Kipp Star College Prep Charter School,18,0,0,96%
01M378,SCHOOL FOR GLOBAL LEADERS,,School for Global Leaders,19,0,0,84%
08X448,SOUNDVIEW ACADEMY FOR CULTURE AND SCHOLARSHIP,,Soundview Academy for Culture and Scholarship,19,0,0,96%
10X308,BRONX DANCE ACADEMY SCHOOL,,Bronx Dance Academy School,19,0,0,98%
12X190,E.S.M.T- I.S. 190,Intermediate School 190,The E.S.M.T. School,19,0,0,95%
16K267,"M.S. 267 MATH, SCIENCE & TECHNOLOGY",Middle School 267,"The Math, Science and Technology School",19,0,0,92%
21K690,BROOKLYN STUDIO SECONDARY SCHOOL,,Brooklyn Studio Secondary School,19,0,0,33%
84M068,KIPP WASHINGTON HEIGHTS MIDDLE SCHOOL,,Kipp Washington Heights Middle School,19,0,0,99%
84X165,GRAND CONCOURSE CHARTER SCHOOL,,Grand Concourse Charter School,19,0,0,93%
84X345,HYDE LEADERSHIP CHARTER SCHOOL,,Hyde Leadership Charter School,19,0,0,99%
84X398,BRONX COMMUNITY CHARTER SCHOOL,,Bronx Community Charter School,19,0,0,91%
04M057,JAMES WELDON JOHNSON,,James Weldon Johnson,20,0,0,93%
04M825,ISAAC NEWTON MIDDLE SCHOOL FOR MATH & SCIENCE,,Isaac Newton Middle School for Math and Science,20,0,0,92%
06M324,M.S. 324 - PATRIA MIRABAL,Middle School 324,The Patria Mirabal School,20,0,0,96%
12X383,EMOLIOR ACADEMY,,Emolior Academy,20,0,0,88%
13K113,M.S. 113 RONALD EDMONDS LEARNING CENTER,Middle School 113,The Ronald Edmonds Learning Center,20,0,0,91%
16K681,MADIBA PREP MIDDLE SCHOOL,,Madiba Prep Middle School,20,0,0,95%
17K543,"SCIENCE, TECHNOLOGY AND RESEARCH EARLY COLLEGE HIGH SCHOOL AT ERASMUS",,"Science, Technology and Research Early College High School at Erasmus",20,0,0,92%
23K518,KAPPA V (KNOWLEDGE AND POWER PREPARATORY ACADEMY),,Kappa V (Knowledge and Power Preparatory Academy),20,0,0,97%
32K377,P.S. 377 ALEJANDRINA B. DE GAUTIER,Public School 377,The Alejandrina B. De Gautier School,20,0,0,98%
84M386,SUCCESS ACADEMY CHARTER SCHOOL - HARLEM 4,,Success Academy Charter School - Harlem 4,20,0,0,93%
84M478,INWOOD ACADEMY FOR LEADERSHIP CHARTER SCHOOL,,Inwood Academy for Leadership Charter School,20,0,0,98%
84Q304,VOICE CHARTER SCHOOL OF NEW YORK,,Voice Charter School of New York,20,0,0,72%
84X538,ICAHN CHARTER SCHOOL 5,,Icahn Charter School 5,20,0,0,89%
03M421,WEST PREP ACADEMY,,West Prep Academy,21,0,0,97%
05M129,P.S. 129 JOHN H. FINLEY,Public School 129,The John H. Finley School,21,0,0,93%
08X467,MOTT HALL COMMUNITY SCHOOL,,Mott Hall Community School,21,0,0,86%
09X328,NEW MILLENNIUM BUSINESS ACADEMY MIDDLE SCHOOL,,New Millennium Business Academy Middle School,21,0,0,99%
13K351,THE URBAN ASSEMBLY UNISON SCHOOL,,The Urban Assembly Unison School,21,0,0,91%
15K464,PARK SLOPE COLLEGIATE,,Park Slope Collegiate,21,0,0,74%
19K364,I.S. 364 GATEWAY,Intermediate School 364,The Gateway School,21,0,0,95%
28Q167,METROPOLITAN EXPEDITIONARY LEARNING SCHOOL,,Metropolitan Expeditionary Learning School,21,0,0,57%
28Q284,YORK EARLY COLLEGE ACADEMY,,York Early College Academy,21,0,0,59%
28Q287,THE EMERSON SCHOOL,,The Emerson School,21,0,0,71%
29Q289,QUEENS UNITED MIDDLE SCHOOL,,Queens United Middle School,21,0,0,94%
84K724,LEADERSHIP PREP CANARSIE CHARTER SCHOOL (LEADERSHIP PREP CS 4),,Leadership Prep Canarsie Charter School (Leadership Prep CS 4),21,0,0,96%
84M481,DEMOCRACY PREP HARLEM CHARTER SCHOOL,,Democracy Prep Harlem Charter School,21,0,0,97%
03M180,P.S. 180 HUGO NEWMAN,Public School 180,The Hugo Newman School,22,0,0,81%
06M322,MIDDLE SCHOOL 322,,Middle School 322,22,0,0,98%
08X131,J.H.S. 131 ALBERT EINSTEIN,Junior High School 131,The Albert Einstein School,22,0,0,93%
13K527,URBAN ASSEMBLY INSTITUTE OF MATH AND SCIENCE FOR YOUNG WOMEN,,The Urban Assembly Institute of Math and Science for Young Women,22,0,0,78%
31R080,THE MICHAEL J. PETRIDES SCHOOL,,The Michael J. Petrides School,22,0,0,45%
32K554,ALL CITY LEADERSHIP SECONDARY SCHOOL,,All City Leadership Secondary School,22,0,0,85%
84K355,WILLIAMSBURG COLLEGIATE CHARTER SCHOOL,,Williamsburg Collegiate Charter School,22,0,0,98%
84K744,CONEY ISLAND PREPARATORY PUBLIC CHARTER SCHOOL,,Coney Island Preparatory Public Charter School,22,0,0,73%
84M388,ST. HOPE LEADERSHIP ACADEMY CHARTER SCHOOL,,St. Hope Leadership Academy Charter School,22,0,0,96%
84X389,BRONX GLOBAL LEARNING INSTITUTE FOR GIRLS CHARTER SCHOOL,,Bronx Global Learning Institute for Girls Charter School,22,0,0,96%
84X703,BRONX PREPARATORY CHARTER SCHOOL,,Bronx Preparatory Charter School,22,0,0,98%
11X287,NORTH BRONX SCHOOL OF EMPOWERMENT,,North Bronx School of Empowerment,23,0,0,92%
17K138,P.S. 138 BROOKLYN,Public School 138,The Brooklyn School,23,0,0,93%
19K218,J.H.S. 218 JAMES P. SINNOTT,Junior High School 218,The James P. Sinnott School,23,0,0,78%
25Q252,"QUEENS SCHOOL OF INQUIRY, THE",,Queens School of Inquiry,23,0,0,40%
26Q178,P.S./I.S. 178 HOLLISWOOD,Public School/Intermediate School 178,The Holliswood School,23,0,0,17%
84K379,EXPLORE EXCEL CHARTER SCHOOL,,Explore Excel Charter School,23,0,0,96%
84K731,BROOKLYN EXCELSIOR CHARTER SCHOOL,,Brooklyn Excelsior Charter School,23,0,0,97%
84M284,HARLEM CHILDREN'S ZONE PROMISE ACADEMY 1 CHARTER SCHOOL,,Harlem Children's Zone Promise Academy 1 Charter School,23,0,0,97%
84X346,SOUTH BRONX CLASSICAL CHARTER SCHOOL,,South Bronx Classical Charter School,23,0,0,95%
84X704,KIPP ACADEMY CHARTER SCHOOL,,Kipp Academy Charter School,23,0,0,98%
09X022,J.H.S. 022 JORDAN L. MOTT,Junior High School 22,The Jordan L. Mott School,24,0,0,96%
10X390,M.S. 390,,Middle School 390,24,0,0,99%
11X019,P.S. 019 JUDITH K. WEISS,Public School 19,The Judith K. Weiss School,24,0,0,35%
11X355,BRONX ALLIANCE MIDDLE SCHOOL,,Bronx Alliance Middle School,24,0,0,94%
11X462,CORNERSTONE ACADEMY FOR SOCIAL ACTION MIDDLE SCHOOL (CASA),,Cornerstone Academy for Social Action Middle School,24,0,0,97%
17K246,M.S. 246 WALT WHITMAN,Middle School 246,The Walt Whitman School,24,0,0,93%
19K661,VISTA ACADEMY,,Vista Academy,24,0,0,89%
20K609,URBAN ASSEMBLY SCHOOL FOR CRIMINAL JUSTICE,,Urban Assembly School for Criminal Justice,24,0,0,35%
28Q310,QUEENS COLLEGIATE: A COLLEGE BOARD SCHOOL,,Queens Collegiate: A College Board School,24,0,0,63%
32K045,P.S./I.S. 045 HORACE E. GREENE,Public School/Intermediate School 45,The Horace E. Greene School,24,0,0,93%
84K737,BROWNSVILLE ASCEND CHARTER SCHOOL,,Brownsville Ascend Charter School,24,0,0,97%
84X706,HARRIET TUBMAN CHARTER SCHOOL,,Harriet Tubman Charter School,24,0,0,98%
84X717,ICAHN CHARTER SCHOOL,,Icahn Charter School,24,0,0,98%
09X215,KAPPA,,Kappa,25,0,0,92%
11X089,P.S. 089 BRONX,Public School 89,The Bronx School,25,0,0,73%
15K442,M.S. 442 CARROLL GARDENS SCHOOL FOR INNOVATION,Middle School 442,The Carroll Gardens School for Innovation,25,0,0,60%
27Q297,HAWTREE CREEK MIDDLE SCHOOL,,Hawtree Creek Middle School,25,0,0,55%
84K358,ACHIEVEMENT FIRST EAST NEW YORK CHARTER SCHOOL,,Achievement First East New York Charter School,25,0,0,97%
84K793,BUSHWICK ASCEND CHARTER SCHOOL,,Bushwick Ascend Charter School,25,0,0,97%
13K492,ACADEMY OF ARTS AND LETTERS,,Academy of Arts and Letters,26,0,0,48%
24Q113,P.S./I.S. 113 ANTHONY J. PRANZO,Public School/Intermediate School 113,The Anthony J. Pranzo School,26,0,0,43%
84K740,BROOKLYN SCHOLARS CHARTER SCHOOL,,Brooklyn Scholars Charter School,26,0,0,91%
84K742,EXPLORE EMPOWER CHARTER SCHOOL,,Explore Empower Charter School,26,0,0,96%
84K746,HEBREW LANGUAGE ACADEMY CHARTER SCHOOL,,Hebrew Language Academy Charter School,26,0,0,53%
84K782,BEDFORD STUYVESANT NEW BEGINNINGS CHARTER SCHOOL,,Bedford Stuyvesant New Beginnings Charter School,26,0,0,98%
84M065,DEMOCRACY PREP ENDURANCE CHARTER SCHOOL,,Democracy Prep Endurance Charter School,26,0,0,96%
84Q321,GROWING UP GREEN CHARTER SCHOOL,,Growing Up Green Charter School,26,0,0,49%
84R073,NEW WORLD PREPARATORY CHARTER SCHOOL,,New World Preparatory Charter School,26,0,0,93%
84X471,AMERICAN DREAM CHARTER SCHOOL,,American Dream Charter School,26,0,0,99%
06M319,M.S. 319 - MARIA TERESA,Middle School 319,The Maria Teresa School,27,0,0,99%
09X339,I.S. 339,,Intermediate School 339,27,0,0,97%
10X015,P.S. X015 INSTITUTE FOR ENVIRONMENTAL LEARNING,Public School X15,The Institute for Environmental Learning School,27,0,0,98%
10X368,IN-TECH ACADEMY (M.S. / HIGH SCHOOL 368),Middle School/High School 368,The In-Tech Academy School,27,0,0,90%
16K035,M.S. 035 STEPHEN DECATUR,Middle School 35,The Stephen Decatur School,27,0,0,96%
28Q332,REDWOOD MIDDLE SCHOOL,,Redwood Middle School,27,0,0,77%
29Q268,P.S./I.S. 268,,Public School/Intermediate School 268,27,0,0,61%
29Q295,P.S./I.S. 295,,Public School/Intermediate School 295,27,0,0,53%
84K360,LAUNCH EXPEDITIONARY LEARNING CHARTER SCHOOL,,Launch Expeditionary Learning Charter School,27,0,0,95%
84K608,KINGS COLLEGIATE CHARTER SCHOOL,,Kings Collegiate Charter School,27,0,0,97%
84M202,GREAT OAKS CHARTER SCHOOL,,Great Oaks Charter School,27,0,0,87%
84M350,DEMOCRACY PREP CHARTER SCHOOL,,Democracy Prep Charter School,27,0,0,97%
12X214,P.S. 214,,Public School 214,28,0,0,95%
17K181,P.S. 181 BROOKLYN,Public School 181,The Brooklyn School,28,0,0,94%
29Q208,P.S./I.S. 208,,Public School/Intermediate School 208,28,0,0,88%
30Q127,P.S. 127 AEROSPACE SCIENCE MAGNET SCHOOL,Public School 127,The Aerospace Science Magnet School,28,0,0,85%
30Q204,I.S. 204 OLIVER W. HOLMES,Intermediate School 204,The Oliver W. Holmes School,28,0,0,77%
08X562,BLUEPRINT MIDDLE SCHOOL,,Blueprint Middle School,29,0,0,75%
09X323,BRONX WRITING ACADEMY,,Bronx Writing Academy,29,0,0,96%
10X447,CRESTON ACADEMY,,Creston Academy,29,0,0,96%
11X370,LEADERS OF TOMORROW,,Leaders of Tomorrow,29,0,0,93%
12X129,M.S. 129 ACADEMY FOR INDEPENDENT LEARNING AND LEADERSHIP,Middle School 129,The Academy for Independent Learning and Leadership School,29,0,0,95%
30Q286,"YOUNG WOMEN'S LEADERSHIP SCHOOL, ASTORIA",,"Young Women's Leadership School, Astoria",29,0,0,47%
84K710,BROWNSVILLE COLLEGIATE CHARTER SCHOOL,,Brownsville Collegiate Charter School,29,0,0,92%
84K791,BROOKLYN DREAMS CHARTER SCHOOL,,Brooklyn Dreams Charter School,29,0,0,79%
84M385,SUCCESS ACADEMY CHARTER SCHOOL - HARLEM 3,,Success Academy Charter School - Harlem 3,29,0,0,95%
84Q340,CHALLENGE PREPARATORY CHARTER SCHOOL,,Challenge Preparatory Charter School,29,0,0,95%
84X496,ICAHN CHARTER SCHOOL 4,,Icahn Charter School 4,29,0,0,93%
08X367,"ARCHIMEDES ACADEMY FOR MATH, SCIENCE AND TECHNOLOGY APPLICATIONS",,"Archimedes Academy for Math, Science and Technology Applications",30,0,0,87%
09X568,YOUNG WOMEN'S LEADERSHIP SCHOOL OF THE BRONX,,Young Women's Leadership School of the Bronx,30,0,0,95%
22K381,I. S. 381,,Intermediate School 381,30,0,0,73%
84K386,INVICTUS PREPARATORY CHARTER SCHOOL,,Invictus Preparatory Charter School,30,0,0,92%
84X233,FAMILY LIFE ACADEMY CHARTER SCHOOL II,,Family Life Academy Charter School II,30,0,0,99%
84X493,SUCCESS ACADEMY CHARTER SCHOOL - BRONX 1,,Success Academy Charter School - Bronx 1,30,0,0,96%
07X343,ACADEMY OF APPLIED MATHEMATICS AND TECHNOLOGY,,Academy of Applied Mathematics and Technology,31,0,0,97%
11X566,PELHAM GARDENS MIDDLE SCHOOL,,Pelham Gardens Middle School,31,0,0,90%
84K711,LEADERSHIP PREPARATORY BROWNSVILLE CHARTER SCHOOL,,Leadership Preparatory Brownsville Charter School,31,0,0,98%
84X378,ICAHN CHARTER SCHOOL 2,,Icahn Charter School 2,31,0,0,90%
84X488,THE EQUALITY CHARTER SCHOOL,,The Equality Charter School,31,0,0,97%
84K508,ACHIEVEMENT FIRST ENDEAVOR CHARTER SCHOOL,,Achievement First Endeavor Charter School,32,0,0,97%
84X491,ACADEMIC LEADERSHIP CHARTER SCHOOL,,Academic Leadership Charter School,32,0,0,98%
02M422,QUEST TO LEARN,,Quest to Learn,33,0,0,65%
21K209,P.S. 209 MARGARET MEAD,Public School 209,The Margaret Mead School,33,0,0,28%
27Q232,P.S. 232 LINDENWOOD,Public School 232,The Lindenwood School,33,0,0,55%
84Q341,RIVERTON STREET CHARTER SCHOOL,,Riverton Street Charter School,33,0,0,97%
12X316,KAPPA III,,Kappa III,34,0,0,96%
18K763,BROOKLYN SCIENCE AND ENGINEERING ACADEMY,,Brooklyn Science and Engineering Academy,34,0,0,97%
31R861,STATEN ISLAND SCHOOL OF CIVIC LEADERSHIP,,Staten Island School of Civic Leadership,34,0,0,63%
09X454,SCIENCE AND TECHNOLOGY ACADEMY: A MOTT HALL SCHOOL,,Science and Technology Academy: A Mott Hall School,35,0,0,97%
10X331,THE BRONX SCHOOL OF YOUNG LEADERS,,The Bronx School of Young Leaders,35,0,0,98%
11X468,PELHAM ACADEMY OF ACADEMICS AND COMMUNITY ENGAGEMENT,,Pelham Academy of Academics and Community Engagement,35,0,0,76%
11X529,ONE WORLD MIDDLE SCHOOL AT EDENWALD,,One World Middle School at Edenwald,35,0,0,91%
14K126,JOHN ERICSSON MIDDLE SCHOOL 126,Middle School 126,The John Ericsson School,35,0,0,88%
17K340,I.S. 340,,Intermediate School 340,35,0,0,95%
22K078,J.H.S. 078 ROY H. MANN,Junior High School 78,The Roy H. Mann School,35,0,0,79%
24Q560,"ROBERT F. WAGNER, JR. SECONDARY SCHOOL FOR ARTS AND TECHNOLOGY",,Robert F. Wagner Jr. Secondary School for Arts and Technology,35,0,0,60%
29Q270,THE GORDON PARKS SCHOOL,,The Gordon Parks School,35,0,0,98%
84K357,KIPP AMP CHARTER SCHOOL,,Kipp Amp Charter School,35,0,0,96%
84M351,SUCCESS ACADEMY CHARTER SCHOOL - HARLEM 1,,Success Academy Charter School - Harlem 1,35,0,0,94%
84Q706,OUR WORLD NEIGHBORHOOD CHARTER SCHOOL,,Our World Neighborhood Charter School,35,0,0,45%
06M187,P.S./I.S. 187 HUDSON CLIFFS,Public School/Intermediate School 187,The Hudson Cliffs School,36,0,0,55%
11X498,P.S./M.S. 11X498 - VAN NEST ACADEMY,Public School/Middle School 11X498,The Van Nest Academy School,36,0,0,75%
18K211,I.S. 211 JOHN WILSON,Intermediate School 211,The John Wilson School,36,0,0,95%
11X326,BRONX GREEN MIDDLE SCHOOL,,Bronx Green Middle School,37,0,0,79%
18K066,P.S. 66,,Public School 66,37,0,0,95%
27Q319,VILLAGE ACADEMY,,Village Academy,37,0,0,96%
28Q072,CATHERINE & COUNT BASIE MIDDLE SCHOOL 72,Middle School 72,The Catherine and Count Basie School,37,0,0,83%
84K648,BEDFORD STUYVESANT COLLEGIATE CHARTER SCHOOL,,Bedford Stuyvesant Collegiate Charter School,37,0,0,95%
84K704,EXPLORE CHARTER SCHOOL,,Explore Charter School,37,0,0,97%
84M384,SUCCESS ACADEMY CHARTER SCHOOL - HARLEM 2,,Success Academy Charter School - Harlem 2,37,0,0,96%
10X279,"P.S. 279 CAPTAIN MANUEL RIVERA, JR.",Public School 279,The Captain Manuel Rivera Jr. School,38,0,0,95%
13K282,P.S. 282 PARK SLOPE,Public School 282,The Park Slope School,38,0,0,79%
21K303,I.S. 303 HERBERT S. EISENBERG,Intermediate School 303,The Herbert S. Eisenberg School,38,0,0,49%
84K333,EXPLORE EXCEED CHARTER SCHOOL,,Explore Exceed Charter School,38,0,0,95%
84M430,THE EQUITY PROJECT CHARTER SCHOOL (TEP),,The Equity Project Charter School,38,0,0,99%
08X125,J.H.S. 125 HENRY HUDSON,Junior High School 125,The Henry Hudson School,39,0,0,63%
08X337,THE SCHOOL FOR INQUIRY AND SOCIAL JUSTICE,,The School for Inquiry and Social Justice,39,0,0,96%
08X371,URBAN INSTITUTE OF MATHEMATICS,,Urban Institute of Mathematics,39,0,0,78%
84K593,EXCELLENCE BOYS CHARTER SCHOOL,,Excellence Boys Charter School,39,0,0,93%
31R061,I.S. 061 WILLIAM A MORRIS,Intermediate School 61,The William A. Morris School,40,0,0,78%
84K803,BROOKLYN LAB?CHARTER SCHOOL,,Brooklyn Lab Charter School,40,0,0,94%
84M482,SUCCESS ACADEMY CHARTER SCHOOL - HARLEM 5,,Success Academy Charter School - Harlem 5,40,0,0,95%
84X487,GIRLS PREPARATORY CHARTER SCHOOL OF THE BRONX,,Girls Preparatory Charter School of the Bronx,40,0,0,96%
09X232,I.S. 232,,Intermediate School 232,41,0,0,98%
10X280,P.S./M.S. 280 MOSHOLU PARKWAY,Public School/Middle School 280,The Mosholu Parkway School,41,0,0,83%
22K014,J.H.S. 014 SHELL BANK,Junior High School 14,The Shell Bank School,41,0,0,55%
25Q250,I.S. 250 THE ROBERT F. KENNEDY COMMUNITY MIDDLE SCHOOL,Intermediate School 250,The Robert F. Kennedy Community Middle School,41,0,0,51%
84K651,PAVE ACADEMY CHARTER SCHOOL,,Pave Academy Charter School,41,0,0,96%
84Q083,CENTRAL QUEENS ACADEMY CHARTER SCHOOL,,Central Queens Academy Charter School,41,0,0,78%
02M177,YORKVILLE EAST MIDDLE SCHOOL,,Yorkville East Middle School,42,0,0,37%
10X020,"P.S./M.S. 20 P.O.GEORGE J. WERDANN, III",Public School/Middle School 20,The P.O. George J. Werdann III School,42,0,0,83%
10X095,P.S. 095 SHEILA MENCHER,Public School 95,The Sheila Mencher School,42,0,0,87%
11X144,J.H.S. 144 MICHELANGELO,Junior High School 144,The Michelangelo School,42,0,0,93%
18K366,THE SCIENCE AND MEDICINE MIDDLE SCHOOL,,The Science and Medicine Middle School,42,0,0,96%
21K225,P.S. K225 - THE EILEEN E. ZAGLIN,Public School K225,The Eileen E. Zaglin School,42,0,0,35%
27Q282,KNOWLEDGE AND POWER PREPARATORY ACADEMY VI,,Knowledge and Power Preparatory Academy VI,42,0,0,93%
31R049,I.S. 49 BERTA A. DREYFUS,Intermediate School 49,The Berta A. Dreyfus School,42,0,0,81%
04M171,P.S. 171 PATRICK HENRY,Public School 171,The Patrick Henry School,43,0,0,86%
22K207,P.S. 207 ELIZABETH G. LEARY,Public School 207,The Elizabeth G. Leary School,43,0,0,49%
84K775,LEADERSHIP PREPARATORY OCEAN HILL CHARTER SCHOOL,,Leadership Preparatory Ocean Hill Charter School,43,0,0,95%
84X460,ATMOSPHERE CHARTER SCHOOL,,Atmosphere Charter School,43,0,0,96%
10X363,ACADEMY FOR PERSONAL LEADERSHIP AND EXCELLENCE,,Academy for Personal Leadership and Excellence,45,0,0,97%
18K285,I.S. 285 MEYER LEVIN,Intermediate School 285,The Meyer Levin School,45,0,0,97%
10X045,THOMAS C. GIORDANO MIDDLE SCHOOL 45,Middle School 45,The Thomas C. Giordano School,46,0,0,93%
23K392,I.S. 392,,Intermediate School 392,46,0,0,91%
84K777,OCEAN HILL COLLEGIATE CHARTER SCHOOL,,Ocean Hill Collegiate Charter School,46,0,0,94%
02M289,I.S. 289,,Intermediate School 289,47,0,0,15%
28Q358,M.S. 358,,Middle School 358,47,0,0,71%
84K652,BROOKLYN ASCEND CHARTER SCHOOL,,Brooklyn Ascend Charter School,48,0,0,98%
17K189,P.S. 189 THE BILINGUAL CENTER,Public School 189,The Bilingual Center School,49,0,0,94%
84K356,ACHIEVEMENT FIRST CROWN HEIGHTS CHARTER SCHOOL,,Achievement First Crown Heights Charter School,49,0,0,98%
10X080,J.H.S. 080 THE MOSHOLU PARKWAY,Junior High School 80,The Mosholu Parkway School,51,0,0,81%
11X556,BRONX PARK MIDDLE SCHOOL,,Bronx Park Middle School,52,0,0,76%
19K452,FREDERICK DOUGLASS ACADEMY VIII MIDDLE SCHOOL,,Frederick Douglass Academy VIII Middle School,52,0,0,92%
27Q124,P.S. 124 OSMOND A CHURCH,Public School 124,The Osmond A. Church School,52,0,0,42%
15K821,SUNSET PARK PREP,,Sunset Park Prep,53,0,0,78%
84K538,ACHIEVEMENT FIRST BUSHWICK CHARTER SCHOOL,,Achievement First Bushwick Charter School,53,0,0,98%
84K780,BROOKLYN EAST COLLEGIATE CHARTER SCHOOL,,Brooklyn East Collegiate Charter School,54,0,0,88%
84K626,ACHIEVEMENT FIRST BROWNSVILLE CHARTER SCHOOL,,Achievement First Brownsville Charter School,55,0,0,97%
29Q059,I.S. 059 SPRINGFIELD GARDENS,Intermediate School 59,The Springfield Gardens School,56,0,0,92%
30Q010,I.S. 010 HORACE GREELEY,Intermediate School 10,The Horace Greeley School,56,0,0,63%
84K517,LEADERSHIP PREP BEDFORD STUYVESANT UNCOMMON PREP CHARTER SCHOOL,,Leadership Prep Bedford Stuyvesant Charter School,56,0,0,94%
27Q226,J.H.S. 226 VIRGIL I. GRISSOM,Junior High School 226,The Virgil I. Grissom School,58,0,0,55%
84X419,BRONX ACADEMY OF PROMISE CHARTER SCHOOL,,Bronx Academy of Promise Charter School,58,0,0,97%
84K712,EXCELLENCE GIRLS CHARTER SCHOOL,,Excellence Girls Charter School,59,0,0,94%
24Q077,I.S. 077,,Intermediate School 77,61,0,0,80%
09X218,P.S./I.S. 218 RAFAEL HERNANDEZ DUAL LANGUAGE MAGNET SCHOOL,Public School/Intermediate School 218,The Rafael Hernandez Dual Language Magnet School,63,0,0,95%
10X228,JONAS BRONCK ACADEMY,,Jonas Bronck Academy,64,0,0,89%
84K774,ACHIEVEMENT FIRST APOLLO CHARTER SCHOOL,,Achievement First Apollo Charter School,65,0,0,93%
84X255,BRONX CHARTER SCHOOL FOR EXCELLENCE,,Bronx Charter School for Excellence,65,0,0,73%
09X128,MOTT HALL III,,Mott Hall III,68,0,0,97%
17K002,PARKSIDE PREPARATORY ACADEMY,,Parkside Preparatory Academy,69,0,0,91%
22K240,ANDRIES HUDDE,,Andries Hudde,74,0,0,72%
31R002,I.S. R002 GEORGE L. EGBERT,Intermediate School R2,The George L. Egbert School,75,0,0,37%
24Q093,I.S. 093 RIDGEWOOD,Intermediate School 93,The Ridgewood School,78,0,0,73%
06M223,THE MOTT HALL SCHOOL,,The Mott Hall School,81,0,0,91%
10X244,THE NEW SCHOOL FOR LEADERSHIP AND JOURNALISM,,The New School for Leadership and Journalism,91,0,0,93%
24Q061,I.S. 061 LEONARDO DA VINCI,Intermediate School 61,The Leonardo Da Vinci School,93,0,0,91%
08X071,P.S. 071 ROSE E. SCALA,Public School 71,The Rose E. Scala School,96,0,0,67%
17K061,M.S. 061 DR. GLADSTONE H. ATWELL,Middle School 61,The Dr. Gladstone H. Atwell School,96,0,0,96%
20K062,J.H.S. 062 DITMAS,Junior High School 62,The Ditmas School,104,0,0,53%
29Q238,I.S. 238 - SUSAN B. ANTHONY ACADEMY,Intermediate School 238,The Susan B. Anthony Academy,123,0,0,65%
11X180,M.S. 180 DR. DANIEL HALE WILLIAMS,Middle School 180,The Dr. Daniel Hale Williams School,151,0,0,92%
32K383,J.H.S. 383 PHILIPPA SCHUYLER,Junior High School 383,The Philippa Schuyler School,179,0,0,93%
