,rank,1s,dbn,school_name,economic_need_index,grade_7_enrollment,num_shsat_test_takers,pct_test_takers,percent_black__hispanic,minority_delta,score
460,1,7.0,20K062,J.H.S. 062 DITMAS,0.741,434.0,104.0,26.0,55.0,65,45.5
459,2,9.0,17K061,M.S. 061 DR. GLADSTONE H. ATWELL,0.713,279.0,96.0,35.0,94.0,44,39.6
45,3,10.0,30Q230,I.S. 230,0.601,439.0,157.0,36.0,57.0,38,38.0
40,4,10.0,20K220,J.H.S. 220 JOHN J. PERSHING,0.828,473.0,181.0,34.0,45.0,27,27.0
31,5,10.0,24Q005,I.S. 5 - THE WALTER CROWLEY INTERMEDIATE SCHOOL,0.643,614.0,264.0,41.0,54.0,27,27.0
416,6,5.0,08X337,THE SCHOOL FOR INQUIRY AND SOCIAL JUSTICE,0.7809999999999999,181.0,39.0,24.0,96.0,51,25.5
52,7,5.0,27Q137,M.S. 137 AMERICA'S SCHOOL OF HEROES,0.541,617.0,179.0,27.0,37.0,50,25.0
48,8,4.0,28Q217,J.H.S. 217 ROBERT A. VAN WYCK,0.628,533.0,175.0,31.0,55.0,53,21.200000000000003
71,9,6.0,10X141,RIVERDALE / KINGSBRIDGE ACADEMY (MIDDLE SCHOOL / HIGH SCHOOL 141),0.418,249.0,75.0,15.0,66.0,34,20.4
22,10,10.0,25Q194,J.H.S. 194 WILLIAM CARR,0.34,416.0,147.0,37.0,31.0,20,20.0
77,11,10.0,11X083,P.S. 083 DONALD HERTZ,0.611,220.0,77.0,33.0,58.0,20,20.0
282,12,7.0,01M450,EAST SIDE COMMUNITY SCHOOL,0.61,105.0,16.0,8.0,74.0,28,19.599999999999998
443,13,8.0,15K821,SUNSET PARK PREP,0.807,165.0,53.0,32.0,76.0,24,19.200000000000003
432,14,10.0,22K207,P.S. 207 ELIZABETH G. LEARY,0.315,162.0,43.0,30.0,49.0,19,19.0
439,15,7.0,17K189,P.S. 189 THE BILINGUAL CENTER,0.735,150.0,49.0,41.0,97.0,27,18.9
69,16,10.0,21K228,I.S. 228 DAVID A. BOODY,0.636,417.0,160.0,38.0,34.0,18,18.0
98,17,7.0,11X181,I.S. 181 PABLO CASALS,0.534,295.0,124.0,42.0,89.0,24,16.799999999999997
278,18,4.0,17K590,MEDGAR EVERS COLLEGE PREPARATORY SCHOOL,0.46399999999999997,116.0,15.0,4.0,93.0,41,16.400000000000002
24,19,10.0,25Q237,I.S. 237,0.562,508.0,194.0,45.0,25.0,16,16.0
103,20,9.0,08X101,M.S. X101 EDWARD R. BYRNE,0.489,176.0,66.0,44.0,66.0,16,14.4
47,21,10.0,20K227,J.H.S. 227 EDWARD B. SHALLOW,0.731,496.0,197.0,42.0,25.0,14,14.0
223,22,5.0,19K409,EAST NEW YORK FAMILY ACADEMY,0.716,75.0,10.0,5.0,95.0,27,13.5
325,23,9.0,17K543,"SCIENCE, TECHNOLOGY AND RESEARCH EARLY COLLEGE HIGH SCHOOL AT ERASMUS",0.536,64.0,20.0,12.0,94.0,12,10.8
59,24,2.0,15K088,J.H.S. 088 PETER ROUGET,0.7190000000000001,466.0,163.0,39.0,71.0,53,10.600000000000001
420,25,5.0,10X280,P.S./M.S. 280 MOSHOLU PARKWAY,0.8370000000000001,129.0,41.0,40.0,83.0,21,10.5
63,26,10.0,20K223,J.H.S. 223 THE MONTAUK,0.792,341.0,142.0,43.0,31.0,10,10.0
343,27,8.0,31R080,THE MICHAEL J. PETRIDES SCHOOL,0.366,98.0,22.0,10.0,42.0,12,9.600000000000001
35,28,4.0,21K281,I.S. 281 JOSEPH B CAVALLARO,0.631,492.0,171.0,42.0,29.0,23,9.200000000000001
193,29,7.0,13K266,M.S. K266 - PARK PLACE COMMUNITY MIDDLE SCHOOL,0.6890000000000001,39.0,8.0,11.0,98.0,12,8.399999999999999
41,30,4.0,30Q227,I.S. 227 LOUIS ARMSTRONG,0.5539999999999999,472.0,206.0,44.0,59.0,20,8.0
107,31,1.0,22K278,J.H.S. 278 MARINE PARK,0.494,428.0,98.0,33.0,63.0,76,7.6000000000000005
344,32,9.0,32K554,ALL CITY LEADERSHIP SECONDARY SCHOOL,0.667,61.0,22.0,17.0,89.0,8,7.2
275,33,2.0,09X327,COMPREHENSIVE MODEL SCHOOL PROJECT M.S. 327,0.862,100.0,15.0,7.0,99.0,36,7.2
445,34,2.0,30Q010,I.S. 010 HORACE GREELEY,0.605,233.0,56.0,22.0,58.0,36,7.2
365,35,6.0,24Q113,P.S./I.S. 113 ANTHONY J. PRANZO,0.263,109.0,26.0,19.0,41.0,12,7.199999999999999
26,36,10.0,28Q157,J.H.S. 157 STEPHEN A. HALSEY,0.408,528.0,249.0,43.0,33.0,7,7.0
409,37,4.0,18K066,P.S. 66,0.526,107.0,37.0,36.0,95.0,17,6.800000000000001
73,38,8.0,24Q049,P.S. 049 DOROTHY BONAWIT KOLE,0.348,142.0,43.0,32.0,26.0,8,6.4
36,39,9.0,25Q025,I.S. 025 ADRIEN BLOCK,0.336,346.0,147.0,44.0,25.0,7,6.3
33,40,7.0,24Q125,I.S. 125 THOM J. MCCANN WOODSIDE,0.615,567.0,272.0,50.0,54.0,9,6.3
30,41,7.0,31R075,I.S. 075 FRANK D. PAULO,0.207,463.0,153.0,35.0,11.0,9,6.3
102,42,8.0,02M131,M.S. 131,0.8370000000000001,165.0,54.0,38.0,22.0,7,5.6000000000000005
68,43,7.0,25Q189,J.H.S. 189 DANIEL CARTER BEARD,0.63,248.0,97.0,39.0,28.0,8,5.6
256,44,2.0,06M293,CITY COLLEGE ACADEMY OF THE ARTS,0.708,79.0,13.0,7.0,97.0,26,5.2
456,45,1.0,10X244,THE NEW SCHOOL FOR LEADERSHIP AND JOURNALISM,0.85,285.0,91.0,33.0,94.0,51,5.1000000000000005
272,46,10.0,03M333,P.S. 333 MANHATTAN SCHOOL FOR CHILDREN,0.233,63.0,15.0,30.0,27.0,5,5.0
39,47,10.0,27Q323,SCHOLARS' ACADEMY,0.40299999999999997,231.0,104.0,24.0,37.0,5,5.0
462,48,10.0,11X180,M.S. 180 DR. DANIEL HALE WILLIAMS,0.504,307.0,151.0,49.0,92.0,5,5.0
91,49,5.0,11X127,J.H.S. 127 THE CASTLE HILL,0.716,289.0,133.0,46.0,64.0,9,4.5
404,50,3.0,29Q270,THE GORDON PARKS SCHOOL,0.358,99.0,35.0,36.0,98.0,15,4.5
49,51,7.0,05M362,COLUMBIA SECONDARY SCHOOL,0.507,99.0,42.0,20.0,65.0,6,4.199999999999999
60,52,1.0,30Q126,ALBERT SHANKER SCHOOL FOR VISUAL AND PERFORMING ARTS,0.7070000000000001,240.0,59.0,32.0,64.0,41,4.1000000000000005
99,53,8.0,25Q219,P.S. 219 PAUL KLAPPER,0.457,83.0,29.0,38.0,40.0,5,4.0
401,54,4.0,17K340,I.S. 340,0.764,87.0,35.0,47.0,96.0,9,3.6
183,55,7.0,21K121,P.S. 121 NELSON A. ROCKEFELLER,0.682,35.0,7.0,22.0,45.0,5,3.5
266,56,7.0,11X175,P.S. 175 CITY ISLAND,0.247,51.0,14.0,31.0,38.0,5,3.5
425,57,1.0,10X095,P.S. 095 SHEILA MENCHER,0.7859999999999999,156.0,42.0,26.0,87.0,33,3.3000000000000003
260,58,1.0,09X505,"BRONX SCHOOL FOR LAW, GOVERNMENT AND JUSTICE",0.8029999999999999,91.0,13.0,6.0,96.0,32,3.2
406,59,4.0,11X498,P.S./M.S. 11X498 - VAN NEST ACADEMY,0.647,91.0,36.0,37.0,78.0,8,3.2
376,60,2.0,29Q208,P.S./I.S. 208,0.302,92.0,28.0,27.0,87.0,16,3.2
11,61,10.0,20K259,J.H.S. 259 WILLIAM MCKINLEY,0.622,630.0,309.0,53.0,23.0,3,3.0
364,62,10.0,13K492,ACADEMY OF ARTS AND LETTERS,0.363,63.0,26.0,44.0,57.0,3,3.0
384,63,5.0,30Q286,"YOUNG WOMEN'S LEADERSHIP SCHOOL, ASTORIA",0.561,81.0,29.0,17.0,49.0,6,3.0
95,64,2.0,11X194,P.S./M.S. 194,0.764,167.0,64.0,39.0,61.0,13,2.6
247,65,4.0,21K095,P.S. 095 THE GRAVESEND,0.695,49.0,12.0,25.0,48.0,6,2.4000000000000004
198,66,1.0,32K384,P.S. /I.S. 384 FRANCES E. CARTER,0.863,64.0,8.0,13.0,97.0,24,2.4000000000000004
395,67,3.0,31R861,STATEN ISLAND SCHOOL OF CIVIC LEADERSHIP,0.569,93.0,34.0,35.0,63.0,8,2.4
97,68,2.0,31R034,I.S. 034 TOTTENVILLE,0.225,348.0,81.0,21.0,11.0,11,2.2
94,69,10.0,13K008,P.S. 008 ROBERT FULTON,0.179,97.0,42.0,65.0,25.0,2,2.0
62,70,10.0,15K443,NEW VOICES SCHOOL OF ACADEMIC & CREATIVE ARTS,0.381,191.0,94.0,50.0,48.0,2,2.0
46,71,2.0,30Q141,I.S. 141 THE STEINWAY,0.513,380.0,170.0,48.0,41.0,10,2.0
300,72,4.0,21K099,P.S. 099 ISAAC ASIMOV,0.695,70.0,17.0,16.0,26.0,5,2.0
427,73,1.0,18K366,THE SCIENCE AND MEDICINE MIDDLE SCHOOL,0.534,119.0,42.0,30.0,99.0,19,1.9000000000000001
158,74,9.0,02M217,P.S./I.S. 217 ROOSEVELT ISLAND,0.293,22.0,6.0,28.0,30.0,2,1.8
66,75,9.0,02M260,M.S. 260 CLINTON SCHOOL WRITERS & ARTISTS,0.23600000000000002,99.0,36.0,16.0,16.0,2,1.8
368,76,6.0,10X015,P.S. X015 INSTITUTE FOR ENVIRONMENTAL LEARNING,0.852,58.0,27.0,48.0,98.0,3,1.7999999999999998
70,77,6.0,02M413,SCHOOL OF THE FUTURE HIGH SCHOOL,0.358,105.0,46.0,21.0,40.0,3,1.7999999999999998
212,78,1.0,25Q200,P.S./M.S. 200 - THE POMONOK SCHOOL & STAR ACADEMY,0.531,65.0,9.0,13.0,69.0,17,1.7000000000000002
112,79,4.0,20K030,P.S./I.S. 30 MARY WHITE OVINGTON,0.6509999999999999,125.0,51.0,41.0,31.0,4,1.6
67,80,8.0,24Q102,P.S. 102 BAYVIEW,0.535,143.0,67.0,46.0,36.0,2,1.6
417,81,1.0,08X371,URBAN INSTITUTE OF MATHEMATICS,0.56,120.0,39.0,34.0,74.0,16,1.6
392,82,1.0,27Q232,P.S. 232 LINDENWOOD,0.369,121.0,33.0,32.0,50.0,14,1.4000000000000001
357,83,2.0,20K609,URBAN ASSEMBLY SCHOOL FOR CRIMINAL JUSTICE,0.71,78.0,24.0,14.0,40.0,6,1.2000000000000002
101,84,4.0,21K226,P.S. 226 ALFRED DE B.MASON,0.6920000000000001,105.0,44.0,44.0,33.0,3,1.2000000000000002
54,85,3.0,31R007,I.S. 007 ELIAS BERNSTEIN,0.239,370.0,129.0,32.0,7.0,4,1.2
268,86,1.0,20K192,P.S. 192 - THE MAGNET SCHOOL FOR MATH AND SCIENCE INQUIRY,0.8,67.0,14.0,20.0,53.0,11,1.1
386,87,1.0,09X568,YOUNG WOMEN'S LEADERSHIP SCHOOL OF THE BRONX,0.816,81.0,30.0,18.0,97.0,11,1.1
307,88,1.0,14K084,P.S. 084 JOSE DE DIEGO,0.5770000000000001,68.0,18.0,26.0,65.0,11,1.1
9,89,10.0,25Q185,J.H.S. 185 EDWARD BLEEKER,0.44299999999999995,494.0,250.0,46.0,32.0,1,1.0
199,90,3.0,02M408,PROFESSIONAL PERFORMING ARTS HIGH SCHOOL,0.33,31.0,9.0,7.0,43.0,3,0.8999999999999999
436,91,2.0,23K392,I.S. 392,0.589,98.0,46.0,48.0,91.0,4,0.8
92,92,2.0,02M407,INSTITUTE FOR COLLABORATIVE EDUCATION,0.258,68.0,21.0,14.0,32.0,4,0.8
290,93,1.0,25Q285,WORLD JOURNALISM PREPARATORY: A COLLEGE BOARD SCHOOL,0.293,81.0,16.0,9.0,31.0,8,0.8
428,94,1.0,21K225,P.S. K225 - THE EILEEN E. ZAGLIN,0.684,121.0,42.0,30.0,40.0,8,0.8
405,95,1.0,06M187,P.S./I.S. 187 HUDSON CLIFFS,0.406,97.0,36.0,34.0,61.0,8,0.8
373,96,6.0,29Q295,P.S./I.S. 295,0.419,58.0,27.0,43.0,53.0,1,0.6
349,97,4.0,26Q178,P.S./ IS 178 HOLLISWOOD,0.215,59.0,23.0,38.0,17.0,1,0.4
86,98,2.0,22K206,P.S. 206 JOSEPH F LAMB,0.4970000000000001,126.0,51.0,43.0,13.0,2,0.4
23,99,3.0,28Q190,J.H.S. 190 RUSSELL SAGE,0.3720000000000001,344.0,172.0,49.0,35.0,1,0.3
352,100,1.0,11X019,P.S. 019 JUDITH K. WEISS,0.35,58.0,24.0,52.0,36.0,2,0.2
111,101,1.0,25Q164,P.S. 164 QUEENS VALLEY,0.415,88.0,38.0,43.0,32.0,2,0.2
85,102,2.0,24Q128,"P.S. 128 THE LORRAINE TUZZO, JUNIPER VALLEY ELEMENTARY SCHOOL",0.18,103.0,46.0,39.0,21.0,1,0.2
240,103,0.0,32K347,I.S. 347 SCHOOL OF HUMANITIES,0.821,113.0,11.0,11.0,96.0,45,0.0
126,104,0.0,06M349,HARBOR HEIGHTS,0.878,38.0,0.0,0.0,100.0,19,0.0
419,105,0.0,09X232,I.S. 232,0.872,145.0,41.0,23.0,99.0,33,0.0
424,106,0.0,10X020,"P.S./M.S. 20 P.O.GEORGE J. WERDANN, III",0.8059999999999999,122.0,42.0,35.0,82.0,17,0.0
381,107,0.0,10X447,CRESTON ACADEMY,0.898,167.0,29.0,18.0,96.0,54,0.0
234,108,0.0,05M514,NEW DESIGN MIDDLE SCHOOL,0.8809999999999999,46.0,11.0,16.0,95.0,12,0.0
274,109,0.0,06M366,WASHINGTON HEIGHTS ACADEMY,0.777,56.0,15.0,27.0,95.0,13,0.0
133,110,0.0,08X301,M.S. 301 PAUL L. DUNBAR,0.823,89.0,0.0,0.0,98.0,44,0.0
127,111,0.0,06M528,I.S. 528 BEA FULLER RODGERS SCHOOL,0.867,53.0,0.0,0.0,99.0,27,0.0
410,112,0.0,27Q319,VILLAGE ACADEMY,0.75,119.0,37.0,30.0,97.0,23,0.0
311,113,0.0,29Q192,I.S. 192 THE LINDEN,0.48700000000000004,152.0,18.0,11.0,95.0,57,0.0
396,114,0.0,09X454,SCIENCE AND TECHNOLOGY ACADEMY: A MOTT HALL SCHOOL,0.86,151.0,35.0,22.0,96.0,40,0.0
301,115,0.0,29Q355,COLLABORATIVE ARTS MIDDLE SCHOOL,0.557,93.0,17.0,16.0,97.0,30,0.0
315,116,0.0,10X308,BRONX DANCE ACADEMY SCHOOL,0.8240000000000001,92.0,19.0,23.0,97.0,27,0.0
113,117,0.0,31R051,I.S. 051 EDWIN MARKHAM,0.604,461.0,101.0,23.0,66.0,89,0.0
188,118,0.0,06M210,P.S./I.S. 210 - TWENTY-FIRST CENTURY ACADEMY FOR COMMUNITY LEADERSHIP,0.8,59.0,8.0,16.0,99.0,22,0.0
227,119,0.0,29Q138,P.S./M.S. 138 SUNRISE,0.545,116.0,10.0,9.0,92.0,45,0.0
429,120,0.0,27Q282,KNOWLEDGE AND POWER PREPARATORY ACADEMY VI,0.599,88.0,42.0,50.0,92.0,3,0.0
225,121,0.0,23K671,MOTT HALL BRIDGES ACADEMY,0.8,65.0,10.0,14.0,98.0,23,0.0
446,122,0.0,27Q226,J.H.S. 226 VIRGIL I. GRISSOM,0.55,320.0,58.0,17.0,55.0,58,0.0
351,123,0.0,10X390,M.S. 390,0.9109999999999999,188.0,24.0,14.0,98.0,70,0.0
138,124,0.0,12X098,J.H.S. 098 HERMAN RIDDER,0.865,86.0,0.0,0.0,96.0,42,0.0
411,125,0.0,28Q072,CATHERINE & COUNT BASIE MIDDLE SCHOOL 72,0.614,142.0,37.0,28.0,83.0,29,0.0
371,126,0.0,28Q332,REDWOOD MIDDLE SCHOOL,0.578,111.0,27.0,25.0,85.0,25,0.0
454,127,0.0,24Q093,I.S. 093 RIDGEWOOD,0.675,357.0,78.0,20.0,72.0,75,0.0
56,128,0.0,27Q210,J.H.S. 210 ELIZABETH BLACKWELL,0.602,643.0,169.0,26.0,67.0,106,0.0
81,129,0.0,31R024,I.S. 024 MYRA S. BARNES,0.254,460.0,132.0,34.0,13.0,13,0.0
289,130,0.0,24Q311,CORONA ARTS AND SCIENCES ACADEMY,0.7859999999999999,294.0,16.0,13.0,95.0,127,0.0
191,131,0.0,10X206,I.S. 206 ANN MERSEREAU,0.909,64.0,8.0,11.0,97.0,24,0.0
192,132,0.0,12X217,SCHOOL OF PERFORMING ARTS,0.87,92.0,8.0,8.0,96.0,37,0.0
280,133,0.0,21K468,KINGSBOROUGH EARLY COLLEGE SCHOOL,0.564,97.0,15.0,7.0,51.0,18,0.0
287,134,0.0,18K068,I.S. 068 ISAAC BILDERSEE,0.59,120.0,16.0,11.0,95.0,43,0.0
318,135,0.0,21K690,BROOKLYN STUDIO SECONDARY SCHOOL,0.608,103.0,19.0,6.0,33.0,11,0.0
309,136,0.0,17K354,THE SCHOOL OF INTEGRATED LEARNING,0.792,57.0,18.0,26.0,91.0,10,0.0
326,137,0.0,23K518,KAPPA V (KNOWLEDGE AND POWER PREPARATORY ACADEMY),0.6970000000000001,77.0,20.0,26.0,97.0,19,0.0
135,138,0.0,09X117,I.S. 117 JOSEPH H. WADE,0.9,178.0,0.0,0.0,97.0,88,0.0
125,139,0.0,05M123,P.S. 123 MAHALIA JACKSON,0.835,58.0,0.0,0.0,93.0,28,0.0
245,140,0.0,19K662,LIBERTY AVENUE MIDDLE SCHOOL,0.823,156.0,12.0,7.0,92.0,62,0.0
229,141,0.0,32K562,EVERGREEN MIDDLE SCHOOL FOR URBAN EXPLORATION,0.848,125.0,10.0,10.0,96.0,52,0.0
262,142,0.0,10X254,I.S. 254,0.885,165.0,13.0,9.0,95.0,68,0.0
153,143,0.0,27Q114,P.S./M.S. 114 BELLE HARBOR,0.371,43.0,0.0,0.0,11.0,2,0.0
144,144,0.0,14K582,M.S. 582,0.825,80.0,0.0,0.0,95.0,39,0.0
264,145,0.0,27Q309,ACADEMY OF MEDICAL TECHNOLOGY: A COLLEGE BOARD SCHOOL,0.667,72.0,13.0,6.0,85.0,20,0.0
255,146,0.0,06M052,J.H.S. 052 INWOOD,0.8240000000000001,73.0,13.0,10.0,97.0,24,0.0
201,147,0.0,06M328,M.S. 328 - MANHATTAN MIDDLE SCHOOL FOR SCIENTIFIC INQUIRY,0.8340000000000001,79.0,9.0,9.0,97.0,30,0.0
306,148,0.0,12X318,"I.S. X318 MATH, SCIENCE & TECHNOLOGY THROUGH ARTS",0.878,96.0,18.0,17.0,97.0,30,0.0
402,149,0.0,22K078,J.H.S. 078 ROY H. MANN,0.546,180.0,35.0,17.0,83.0,47,0.0
340,150,0.0,06M322,MIDDLE SCHOOL 322,0.861,115.0,22.0,18.0,98.0,36,0.0
305,151,0.0,10X243,WEST BRONX ACADEMY FOR THE FUTURE,0.851,93.0,18.0,8.0,95.0,28,0.0
172,152,0.0,29Q259,PATHWAYS COLLEGE PREPARATORY SCHOOL: A COLLEGE BOARD SCHOOL,0.396,79.0,6.0,3.0,94.0,32,0.0
184,153,0.0,27Q043,P.S. 043,0.79,71.0,7.0,11.0,91.0,27,0.0
203,154,0.0,07X298,ACADEMY OF PUBLIC RELATIONS,0.882,85.0,9.0,11.0,98.0,34,0.0
179,155,0.0,12X341,ACCION ACADEMY,0.903,48.0,7.0,12.0,95.0,17,0.0
327,156,0.0,32K377,P.S. 377 ALEJANDRINA B. DE GAUTIER,0.8190000000000001,51.0,20.0,44.0,97.0,6,0.0
44,157,0.0,31R072,I.S. 072 ROCCO LAURIE,0.366,448.0,139.0,30.0,29.0,26,0.0
362,158,0.0,15K442,M.S. 442 CARROLL GARDENS SCHOOL FOR INNOVATION,0.684,70.0,25.0,31.0,73.0,8,0.0
455,159,0.0,06M223,THE MOTT HALL SCHOOL,0.7240000000000001,104.0,81.0,93.0,93.0,-26,-0.0
360,160,0.0,09X215,KAPPA,0.8390000000000001,105.0,25.0,32.0,93.0,27,0.0
166,161,0.0,12X372,URBAN ASSEMBLY SCHOOL FOR WILDLIFE CONSERVATION,0.809,59.0,6.0,3.0,96.0,23,0.0
232,162,0.0,03M258,COMMUNITY ACTION SCHOOL - MS 258,0.73,84.0,11.0,18.0,87.0,28,0.0
238,163,0.0,19K171,I.S. 171 ABRAHAM LINCOLN,0.7879999999999999,148.0,11.0,7.0,91.0,59,0.0
435,164,0.0,10X045,THOMAS C. GIORDANO MIDDLE SCHOOL 45,0.8859999999999999,226.0,46.0,17.0,94.0,65,0.0
397,165,0.0,10X331,THE BRONX SCHOOL OF YOUNG LEADERS,0.894,138.0,35.0,27.0,98.0,35,0.0
37,166,0.0,10X118,J.H.S. 118 WILLIAM W. NILES,0.843,379.0,270.0,64.0,81.0,-62,-0.0
270,167,0.0,27Q207,P.S. 207 ROCKWOOD PARK,0.191,73.0,14.0,16.0,21.0,5,0.0
269,168,0.0,21K238,P.S. 238 ANNE SULLIVAN,0.8,64.0,14.0,23.0,61.0,11,0.0
426,169,0.0,11X144,J.H.S. 144 MICHELANGELO,0.691,171.0,42.0,23.0,94.0,42,0.0
176,170,0.0,09X004,P.S./M.S. 004 CROTONA PARK WEST,0.903,69.0,7.0,11.0,98.0,28,0.0
310,171,0.0,18K581,EAST FLATBUSH COMMUNITY RESEARCH SCHOOL,0.7,58.0,18.0,56.0,91.0,11,0.0
253,172,0.0,01M332,UNIVERSITY NEIGHBORHOOD MIDDLE SCHOOL,0.7709999999999999,65.0,13.0,18.0,90.0,18,0.0
388,173,0.0,07X343,ACADEMY OF APPLIED MATHEMATICS AND TECHNOLOGY,0.885,103.0,31.0,32.0,99.0,21,0.0
173,174,0.0,30Q235,ACADEMY FOR NEW AMERICANS,0.6759999999999999,39.0,6.0,12.0,63.0,9,0.0
335,175,0.0,28Q167,METROPOLITAN EXPEDITIONARY LEARNING SCHOOL,0.397,127.0,21.0,8.0,57.0,25,0.0
418,176,0.0,31R061,I.S. 061 WILLIAM A MORRIS,0.7170000000000001,320.0,40.0,12.0,78.0,96,0.0
231,177,0.0,03M256,M.S. 256 ACADEMIC & ATHLETIC EXCELLENCE,0.778,48.0,11.0,22.0,88.0,12,0.0
79,178,0.0,30Q291,HUNTERS POINT COMMUNITY MIDDLE SCHOOL,0.563,159.0,65.0,45.0,63.0,10,0.0
366,179,0.0,06M319,M.S. 319 - MARIA TERESA,0.838,120.0,27.0,18.0,98.0,34,0.0
87,180,0.0,31R048,P.S. 048 WILLIAM G. WILCOX,0.33399999999999996,97.0,70.0,59.0,22.0,-5,-0.0
356,181,0.0,19K661,VISTA ACADEMY,0.812,149.0,24.0,19.0,93.0,48,0.0
331,182,0.0,09X328,NEW MILLENNIUM BUSINESS ACADEMY MIDDLE SCHOOL,0.938,80.0,21.0,28.0,98.0,19,0.0
415,183,0.0,08X125,J.H.S. 125 HENRY HUDSON,0.821,123.0,39.0,33.0,71.0,17,0.0
359,184,0.0,32K045,P.S./I.S. 045 HORACE E. GREENE,0.8240000000000001,70.0,24.0,38.0,95.0,11,0.0
319,185,0.0,04M057,JAMES WELDON JOHNSON,0.885,95.0,20.0,20.0,93.0,26,0.0
398,186,0.0,11X468,PELHAM ACADEMY OF ACADEMICS AND COMMUNITY ENGAGEMENT,0.705,103.0,35.0,34.0,82.0,14,0.0
297,187,0.0,13K691,FORT GREENE PREPARATORY ACADEMY,0.701,60.0,17.0,22.0,93.0,13,0.0
451,188,0.0,17K002,PARKSIDE PREPARATORY ACADEMY,0.7170000000000001,166.0,69.0,43.0,93.0,15,0.0
350,189,0.0,09X022,J.H.S. 022 JORDAN L. MOTT,0.877,158.0,24.0,16.0,98.0,55,0.0
222,190,0.0,12X384,ENTRADA ACADEMY,0.868,84.0,10.0,13.0,96.0,32,0.0
457,191,0.0,24Q061,I.S. 061 LEONARDO DA VINCI,0.748,752.0,93.0,13.0,92.0,267,0.0
130,192,0.0,07X500,HOSTOS-LINCOLN ACADEMY OF SCIENCE,0.799,59.0,0.0,0.0,94.0,28,0.0
194,193,0.0,16K308,P.S. 308 CLARA CARDWELL,0.828,37.0,8.0,14.0,96.0,10,0.0
83,194,0.0,06M278,PAULA HEDBAVNY SCHOOL,0.604,69.0,24.0,36.0,80.0,9,0.0
334,195,0.0,19K364,I.S. 364 GATEWAY,0.669,126.0,21.0,19.0,94.0,41,0.0
338,196,0.0,29Q289,QUEENS UNITED MIDDLE SCHOOL,0.3670000000000001,60.0,21.0,24.0,91.0,9,0.0
382,197,0.0,11X370,LEADERS OF TOMORROW,0.7709999999999999,131.0,29.0,22.0,90.0,34,0.0
299,198,0.0,19K089,P.S. 089 CYPRESS HILLS,0.8240000000000001,49.0,17.0,31.0,98.0,8,0.0
65,199,0.0,27Q202,J.H.S. 202 ROBERT H. GODDARD,0.593,350.0,98.0,26.0,55.0,44,0.0
228,200,0.0,29Q283,PREPARATORY ACADEMY FOR WRITERS: A COLLEGE BOARD SCHOOL,0.46399999999999997,80.0,10.0,7.0,91.0,28,0.0
147,201,0.0,23K041,P.S. 041 FRANCIS WHITE,0.9,62.0,0.0,0.0,95.0,30,0.0
137,202,0.0,10X342,INTERNATIONAL SCHOOL FOR LIBERAL ARTS,0.857,46.0,0.0,0.0,100.0,23,0.0
160,203,0.0,04M964,CENTRAL PARK EAST II,0.46,49.0,6.0,20.0,60.0,11,0.0
296,204,0.0,12X242,MOTT HALL V,0.795,102.0,17.0,8.0,94.0,33,0.0
385,205,0.0,08X367,"ARCHIMEDES ACADEMY FOR MATH, SCIENCE AND TECHNOLOGY APPLICATIONS",0.723,102.0,30.0,14.0,90.0,20,0.0
89,206,0.0,21K096,I.S. 096 SETH LOW,0.73,276.0,114.0,43.0,38.0,10,0.0
110,207,0.0,15K497,SCHOOL FOR INTERNATIONAL STUDIES,0.71,109.0,32.0,18.0,77.0,18,0.0
258,208,0.0,09X241,"URBAN ASSEMBLY SCHOOL FOR APPLIED MATH AND SCIENCE, THE",0.8220000000000001,89.0,13.0,7.0,98.0,32,0.0
164,209,0.0,10X037,P.S. X037 - MULTIPLE INTELLIGENCE SCHOOL,0.752,50.0,6.0,8.0,95.0,19,0.0
389,210,0.0,11X566,PELHAM GARDENS MIDDLE SCHOOL,0.7140000000000001,158.0,31.0,19.0,95.0,47,0.0
387,211,0.0,22K381,I. S. 381,0.616,87.0,30.0,30.0,79.0,11,0.0
292,212,0.0,02M933,CITY KNOLL MIDDLE SCHOOL,0.613,85.0,17.0,22.0,67.0,18,0.0
148,213,0.0,23K178,P.S. 178 SAINT CLAIR MCKELWAY,0.884,39.0,0.0,0.0,95.0,19,0.0
348,214,0.0,25Q252,"QUEENS SCHOOL OF INQUIRY, THE",0.44299999999999995,92.0,23.0,13.0,40.0,10,0.0
400,215,0.0,14K126,JOHN ERICSSON MIDDLE SCHOOL 126,0.777,107.0,35.0,25.0,84.0,16,0.0
190,216,0.0,07X221,SOUTH BRONX PREPARATORY: A COLLEGE BOARD SCHOOL,0.872,100.0,8.0,4.0,96.0,41,0.0
236,217,0.0,12X273,FREDERICK DOUGLASS ACADEMY V. MIDDLE SCHOOL,0.823,82.0,11.0,15.0,97.0,30,0.0
433,218,0.0,10X363,ACADEMY FOR PERSONAL LEADERSHIP AND EXCELLENCE,0.8859999999999999,197.0,45.0,25.0,96.0,53,0.0
149,219,0.0,23K184,P.S. 184 NEWPORT,0.904,49.0,0.0,0.0,98.0,24,0.0
239,220,0.0,27Q146,P.S. 146 HOWARD BEACH,0.301,60.0,11.0,14.0,37.0,7,0.0
358,221,0.0,28Q310,QUEENS COLLEGIATE: A COLLEGE BOARD SCHOOL,0.5489999999999999,79.0,24.0,12.0,66.0,11,0.0
369,222,0.0,10X368,IN-TECH ACADEMY (M.S. / HIGH SCHOOL 368),0.7490000000000001,170.0,27.0,7.0,91.0,54,0.0
288,223,0.0,19K678,EAST NEW YORK MIDDLE SCHOOL OF EXCELLENCE,0.845,84.0,16.0,21.0,96.0,26,0.0
156,224,0.0,01M034,P.S. 034 FRANKLIN D. ROOSEVELT,0.86,41.0,6.0,10.0,92.0,14,0.0
329,225,0.0,05M129,P.S. 129 JOHN H. FINLEY,0.8540000000000001,63.0,21.0,38.0,93.0,10,0.0
330,226,0.0,08X467,MOTT HALL COMMUNITY SCHOOL,0.639,111.0,21.0,18.0,79.0,28,0.0
332,227,0.0,13K351,THE URBAN ASSEMBLY UNISON SCHOOL,0.78,53.0,21.0,47.0,82.0,5,0.0
170,228,0.0,19K422,SPRING CREEK COMMUNITY SCHOOL,0.777,86.0,6.0,3.0,96.0,36,0.0
123,229,0.0,04M372,ESPERANZA PREPARATORY ACADEMY,0.836,63.0,0.0,0.0,97.0,31,0.0
257,230,0.0,08X302,M.S. 302 LUISA DESSUS CRUZ,0.9059999999999999,175.0,13.0,7.0,98.0,75,0.0
157,231,0.0,01M140,P.S. 140 NATHAN STRAUS,0.8490000000000001,65.0,6.0,9.0,90.0,24,0.0
434,232,0.0,18K285,I.S. 285 MEYER LEVIN,0.606,231.0,45.0,23.0,99.0,72,0.0
259,233,0.0,09X324,BRONX EARLY COLLEGE ACADEMY FOR TEACHING & LEARNING,0.8190000000000001,110.0,13.0,8.0,95.0,41,0.0
114,234,0.0,01M188,P.S. 188 THE ISLAND SCHOOL,0.917,55.0,0.0,0.0,93.0,26,0.0
213,235,0.0,27Q333,GOLDIE MAPLE ACADEMY,0.7440000000000001,24.0,9.0,30.0,88.0,3,0.0
143,236,0.0,14K071,JUAN MOREL CAMPOS SECONDARY SCHOOL,0.868,66.0,0.0,0.0,93.0,31,0.0
380,237,0.0,09X323,BRONX WRITING ACADEMY,0.892,159.0,29.0,18.0,95.0,49,0.0
165,238,0.0,10X225,THEATRE ARTS PRODUCTION COMPANY SCHOOL,0.8059999999999999,74.0,6.0,3.0,95.0,30,0.0
312,239,0.0,31R028,THE EAGLE ACADEMY FOR YOUNG MEN OF STATEN ISLAND,0.705,60.0,18.0,16.0,83.0,10,0.0
88,240,0.0,19K292,J.H.S. 292 MARGARET S. DOUGLAS,0.848,200.0,81.0,39.0,86.0,18,0.0
298,241,0.0,18K598,MIDDLE SCHOOL OF MARKETING AND LEGAL STUDIES,0.608,48.0,17.0,32.0,96.0,7,0.0
293,242,0.0,06M143,J.H.S. 143 ELEANOR ROOSEVELT,0.8490000000000001,93.0,17.0,15.0,97.0,30,0.0
209,243,0.0,23K284,"THE GREGORY JOCKO JACKSON SCHOOL OF SPORTS, ART, AND TECHNOLOGY",0.9059999999999999,57.0,9.0,18.0,99.0,20,0.0
175,244,0.0,04M050,P.S. 050 VITO MARCANTONIO,0.89,26.0,7.0,35.0,98.0,6,0.0
316,245,0.0,12X190,E.S.M.T- I.S. 190,0.852,86.0,19.0,24.0,96.0,24,0.0
323,246,0.0,13K113,M.S. 113 RONALD EDMONDS LEARNING CENTER,0.797,104.0,20.0,23.0,93.0,31,0.0
452,247,0.0,22K240,ANDRIES HUDDE,0.61,231.0,74.0,27.0,74.0,32,0.0
328,248,0.0,03M421,WEST PREP ACADEMY,0.767,74.0,21.0,28.0,91.0,15,0.0
390,249,0.0,02M422,QUEST TO LEARN,0.406,74.0,33.0,16.0,54.0,3,0.0
208,250,0.0,23K137,P.S./I.S. 137 RACHEL JEAN MITCHELL,0.807,29.0,9.0,27.0,94.0,5,0.0
120,251,0.0,03M860,FREDERICK DOUGLASS ACADEMY II SECONDARY SCHOOL,0.7859999999999999,19.0,0.0,0.0,95.0,9,0.0
393,252,0.0,12X316,KAPPA III,0.841,131.0,34.0,26.0,95.0,31,0.0
337,253,0.0,28Q287,THE EMERSON SCHOOL,0.7040000000000001,138.0,21.0,17.0,79.0,39,0.0
204,254,0.0,08X376,ANTONIA PANTOJA PREPARATORY ACADEMY: A COLLEGE BOARD SCHOOL,0.7559999999999999,79.0,9.0,8.0,91.0,28,0.0
353,255,0.0,11X355,BRONX ALLIANCE MIDDLE SCHOOL,0.7290000000000001,101.0,24.0,18.0,92.0,25,0.0
121,256,0.0,04M007,P.S. 007 SAMUEL STERN,0.899,43.0,0.0,0.0,92.0,20,0.0
115,257,0.0,02M225,ELLA BAKER SCHOOL,0.429,25.0,0.0,0.0,56.0,7,0.0
224,258,0.0,23K323,P.S./I.S. 323,0.86,65.0,10.0,14.0,98.0,23,0.0
168,259,0.0,15K448,BROOKLYN SECONDARY SCHOOL FOR COLLABORATIVE STUDIES,0.635,89.0,6.0,3.0,85.0,33,0.0
142,260,0.0,13K265,DR. SUSAN S. MCKINNEY SECONDARY SCHOOL OF THE ARTS,0.782,33.0,0.0,0.0,96.0,16,0.0
169,261,0.0,17K353,ELIJAH STROUD MIDDLE SCHOOL,0.746,52.0,6.0,13.0,96.0,20,0.0
447,262,0.0,24Q077,I.S. 077,0.687,350.0,61.0,17.0,79.0,93,0.0
104,263,0.0,31R063,MARSH AVENUE SCHOOL FOR EXPEDITIONARY LEARNING,0.317,148.0,70.0,44.0,27.0,1,0.0
438,264,0.0,28Q358,M.S. 358,0.6614945770065075,134.0,47.0,38.0,70.0,15,0.0
403,265,0.0,24Q560,"ROBERT F. WAGNER, JR. SECONDARY SCHOOL FOR ARTS AND TECHNOLOGY",0.513,60.0,35.0,20.0,65.0,-3,-0.0
322,266,0.0,12X383,EMOLIOR ACADEMY,0.8390000000000001,91.0,20.0,23.0,89.0,24,0.0
248,267,0.0,22K109,P.S. 109,0.738,98.0,12.0,11.0,95.0,36,0.0
90,268,0.0,29Q109,JEAN NUZZI INTERMEDIATE SCHOOL,0.435,353.0,117.0,33.0,61.0,38,0.0
440,269,0.0,10X080,J.H.S. 080 THE MOSHOLU PARKWAY,0.8270000000000001,235.0,51.0,22.0,81.0,56,0.0
261,270,0.0,10X003,P.S. 3 RAUL JULIA MICRO SOCIETY,0.8640000000000001,31.0,13.0,26.0,97.0,3,0.0
339,271,0.0,03M180,P.S. 180 HUGO NEWMAN,0.69,51.0,22.0,37.0,87.0,3,0.0
207,272,0.0,17K352,EBBETS FIELD MIDDLE SCHOOL,0.7859999999999999,50.0,9.0,12.0,94.0,16,0.0
336,273,0.0,28Q284,YORK EARLY COLLEGE ACADEMY,0.428,96.0,21.0,11.0,61.0,17,0.0
129,274,0.0,07X224,P.S./I.S. 224,0.903,130.0,0.0,0.0,98.0,65,0.0
128,275,0.0,07X151,J.H.S. 151 LOU GEHRIG,0.89,86.0,0.0,0.0,98.0,43,0.0
304,276,0.0,09X361,THE HIGHBRIDGE GREEN SCHOOL,0.8859999999999999,135.0,18.0,13.0,98.0,50,0.0
414,277,0.0,21K303,I.S. 303 HERBERT S. EISENBERG,0.703,179.0,38.0,20.0,46.0,25,0.0
399,278,0.0,11X529,ONE WORLD MIDDLE SCHOOL AT EDENWALD,0.701,110.0,35.0,29.0,93.0,20,0.0
210,279,0.0,23K327,P.S. 327 DR. ROSE B. ENGLISH,0.851,0.0,9.0,32.0,96.0,-9,-0.0
273,280,0.0,05M286,URBAN ASSEMBLY ACADEMY FOR FUTURE LEADERS,0.8170000000000001,59.0,15.0,18.0,98.0,15,0.0
361,281,0.0,11X089,P.S. 089 BRONX,0.737,174.0,25.0,15.0,76.0,48,0.0
108,282,0.0,30Q145,I.S. 145 JOSEPH PULITZER,0.682,582.0,137.0,23.0,90.0,144,0.0
185,283,0.0,27Q105,P.S. 105 THE BAY SCHOOL,0.897,77.0,7.0,8.0,94.0,30,0.0
189,284,0.0,07X005,P.S. 5 PORT MORRIS,0.905,99.0,8.0,11.0,98.0,42,0.0
119,285,0.0,03M250,M.S. 250 WEST SIDE COLLABORATIVE MIDDLE SCHOOL,0.6609999999999999,60.0,0.0,0.0,87.0,27,0.0
177,286,0.0,09X219,I.S. 219 NEW VENTURE SCHOOL,0.929,118.0,7.0,6.0,98.0,52,0.0
181,287,0.0,17K484,RONALD EDMONDS LEARNING CENTER II,0.8440000000000001,58.0,7.0,15.0,96.0,22,0.0
178,288,0.0,12X211,P.S. 211,0.8690000000000001,77.0,7.0,8.0,98.0,32,0.0
206,289,0.0,16K057,J.H.S. 057 WHITELAW REID,0.884,66.0,9.0,11.0,98.0,24,0.0
197,290,0.0,32K291,J.H.S. 291 ROLAND HAYES,0.8390000000000001,92.0,8.0,7.0,96.0,37,0.0
302,291,0.0,06M209,HAMILTON GRANGE MIDDLE SCHOOL,0.7859999999999999,92.0,18.0,21.0,96.0,28,0.0
220,292,0.0,09X413,BRONX HIGH SCHOOL FOR MEDICAL SCIENCE,0.8009999999999999,43.0,10.0,7.0,90.0,11,0.0
163,293,0.0,07X296,SOUTH BRONX ACADEMY FOR APPLIED MEDIA,0.9079999999999999,96.0,6.0,7.0,97.0,42,0.0
174,294,0.0,03M165,P.S. 165 ROBERT E. SIMON,0.7390000000000001,46.0,7.0,13.0,82.0,13,0.0
377,295,0.0,30Q127,P.S. 127 AEROSPACE SCIENCE MAGNET SCHOOL,0.669,153.0,28.0,19.0,86.0,43,0.0
187,296,0.0,04M610,YOUNG WOMEN'S LEADERSHIP SCHOOL,0.722,52.0,8.0,6.0,85.0,16,0.0
196,297,0.0,32K162,J.H.S. 162 THE WILLOUGHBY,0.845,118.0,8.0,4.0,95.0,50,0.0
117,298,0.0,03M076,P.S. 076 A. PHILIP RANDOLPH,0.85,57.0,0.0,0.0,96.0,28,0.0
241,299,0.0,03M247,M.S. M247 DUAL LANGUAGE MIDDLE SCHOOL,0.802,71.0,12.0,18.0,99.0,24,0.0
277,300,0.0,17K382,ACADEMY FOR COLLEGE PREPARATION AND CAREER EXPLORATION: A COLLEGE BOARD SCHOOL,0.684,54.0,15.0,12.0,96.0,12,0.0
134,301,0.0,08X424,THE HUNTS POINT SCHOOL,0.8759999999999999,99.0,0.0,0.0,98.0,49,0.0
182,302,0.0,19K404,ACADEMY FOR YOUNG WRITERS,0.705,82.0,7.0,4.0,97.0,34,0.0
378,303,0.0,30Q204,I.S. 204 OLIVER W. HOLMES,0.745,167.0,28.0,18.0,71.0,41,0.0
422,304,0.0,25Q250,I.S. 250 THE ROBERT F. KENNEDY COMMUNITY MIDDLE SCHOOL,0.609,122.0,41.0,25.0,53.0,11,0.0
154,305,0.0,27Q318,WATERSIDE SCHOOL FOR LEADERSHIP,0.755,76.0,0.0,0.0,88.0,34,0.0
453,306,0.0,31R002,I.S. R002 GEORGE L. EGBERT,0.526,323.0,75.0,26.0,34.0,31,0.0
109,307,0.0,03M291,WEST END SECONDARY SCHOOL,0.6614945770065075,102.0,31.0,23.0,27.0,6,0.0
214,308,0.0,29Q147,P.S./M.S. 147 RONALD MCNAIR,0.48,69.0,9.0,11.0,97.0,25,0.0
317,309,0.0,16K267,"M.S. 267 MATH, SCIENCE & TECHNOLOGY",0.826,87.0,19.0,22.0,87.0,22,0.0
100,310,0.0,15K839,M.S. 839,0.6614945770065075,112.0,36.0,34.0,47.0,10,0.0
308,311,0.0,15K136,I.S. 136 CHARLES O. DEWEY,0.809,160.0,18.0,10.0,87.0,55,0.0
162,312,0.0,06M348,WASHINGTON HEIGHTS EXPEDITIONARY LEARNING SCHOOL,0.84,87.0,6.0,3.0,97.0,37,0.0
233,313,0.0,04M072,THE LEXINGTON ACADEMY,0.866,81.0,11.0,13.0,95.0,29,0.0
211,314,0.0,23K522,MOTT HALL IV,0.7709999999999999,58.0,9.0,15.0,98.0,20,0.0
294,315,0.0,08X375,THE BRONX MATHEMATICS PREPARATORY SCHOOL,0.818,85.0,17.0,23.0,97.0,26,0.0
394,316,0.0,18K763,BROOKLYN SCIENCE AND ENGINEERING ACADEMY,0.535,81.0,34.0,48.0,97.0,7,0.0
249,317,0.0,23K644,EAGLE ACADEMY FOR YOUNG MEN II,0.685,101.0,12.0,6.0,97.0,38,0.0
320,318,0.0,04M825,ISAAC NEWTON MIDDLE SCHOOL FOR MATH & SCIENCE,0.8420000000000001,59.0,20.0,36.0,94.0,9,0.0
437,319,10.0,02M289,I.S. 289,0.313,93.0,47.0,51.0,21.0,0,0.0
391,320,8.0,21K209,P.S. 209 MARGARET MEAD,0.599,67.0,33.0,49.0,27.0,0,0.0
93,321,6.0,26Q266,P.S./I.S. 266,0.239,65.0,33.0,42.0,38.0,0,0.0
458,322,5.0,08X071,P.S. 071 ROSE E. SCALA,0.511,187.0,96.0,53.0,66.0,0,0.0
106,323,4.0,14K577,CONSELYEA PREPARATORY SCHOOL,0.551,175.0,90.0,53.0,62.0,0,0.0
421,324,0.0,22K014,J.H.S. 014 SHELL BANK,0.708,168.0,41.0,19.0,64.0,29,0.0
279,325,0.0,19K654,VAN SICLEN COMMUNITY MIDDLE SCHOOL,0.78,106.0,15.0,16.0,96.0,37,0.0
244,326,0.0,17K394,M.S. K394,0.797,49.0,12.0,21.0,92.0,12,0.0
379,327,0.0,08X562,BLUEPRINT MIDDLE SCHOOL,0.7959999999999999,120.0,29.0,30.0,74.0,24,0.0
347,328,0.0,19K218,J.H.S. 218 JAMES P. SINNOTT,0.857,146.0,23.0,16.0,79.0,41,0.0
252,329,0.0,28Q008,J.H.S. 008 RICHARD S. GROSSLEY,0.6940000000000001,127.0,12.0,12.0,77.0,41,0.0
444,330,0.0,29Q059,I.S. 059 SPRINGFIELD GARDENS,0.46799999999999997,177.0,56.0,28.0,96.0,33,0.0
251,331,0.0,24Q087,P.S./I.S. 087 MIDDLE VILLAGE,0.5,81.0,12.0,16.0,51.0,15,0.0
372,332,0.0,29Q268,P.S./I.S. 268,0.65,62.0,27.0,44.0,61.0,3,0.0
370,333,0.0,16K035,M.S. 035 STEPHEN DECATUR,0.7509999999999999,97.0,27.0,34.0,98.0,22,0.0
230,334,0.0,01M301,"TECHNOLOGY, ARTS, AND SCIENCES STUDIO",0.7909999999999999,23.0,11.0,21.0,84.0,1,0.0
324,335,0.0,16K681,MADIBA PREP MIDDLE SCHOOL,0.759,33.0,20.0,32.0,97.0,-3,-0.0
136,336,0.0,09X229,I.S. 229 ROLAND PATTERSON,0.885,79.0,0.0,0.0,98.0,39,0.0
167,337,0.0,14K586,LYONS COMMUNITY SCHOOL,0.843,57.0,6.0,3.0,97.0,22,0.0
383,338,0.0,12X129,M.S. 129 ACADEMY FOR INDEPENDENT LEARNING AND LEADERSHIP,0.91,179.0,29.0,17.0,95.0,59,0.0
313,339,0.0,01M378,SCHOOL FOR GLOBAL LEADERS,0.764,90.0,19.0,19.0,81.0,22,0.0
221,340,0.0,10X459,EAST FORDHAM ACADEMY FOR THE ARTS,0.8809999999999999,92.0,10.0,10.0,97.0,36,0.0
374,341,0.0,12X214,P.S. 214,0.867,163.0,28.0,19.0,95.0,52,0.0
291,342,0.0,27Q053,M.S. 053 BRIAN PICCOLO,0.738,90.0,16.0,13.0,97.0,29,0.0
295,343,0.0,10X391,THE ANGELO PATRI MIDDLE SCHOOL,0.9109999999999999,160.0,17.0,8.0,97.0,63,0.0
283,344,0.0,05M161,P.S. 161 PEDRO ALBIZU CAMPOS,0.875,127.0,16.0,12.0,95.0,46,0.0
151,345,0.0,27Q042,P.S./M.S 042 R. VERNAM,0.825,66.0,0.0,0.0,95.0,32,0.0
286,346,0.0,09X325,URBAN SCIENCE ACADEMY,0.8909999999999999,81.0,16.0,13.0,97.0,25,0.0
345,347,0.0,11X287,NORTH BRONX SCHOOL OF EMPOWERMENT,0.737,196.0,23.0,12.0,92.0,71,0.0
205,348,0.0,09X313,I.S. 313 SCHOOL OF LEADERSHIP DEVELOPMENT,0.8809999999999999,102.0,9.0,8.0,99.0,43,0.0
367,349,0.0,09X339,I.S. 339,0.9129999999999999,156.0,27.0,15.0,98.0,52,0.0
118,350,0.0,03M149,P.S. 149 SOJOURNER TRUTH,0.883,32.0,0.0,0.0,92.0,15,0.0
412,351,0.0,10X279,"P.S. 279 CAPTAIN MANUEL RIVERA, JR.",0.9179999999999999,130.0,38.0,27.0,96.0,27,0.0
281,352,0.0,27Q262,CHANNEL VIEW SCHOOL FOR RESEARCH,0.551,132.0,15.0,6.0,78.0,41,0.0
215,353,0.0,29Q356,COMMUNITY VOICES MIDDLE SCHOOL,0.547,98.0,9.0,9.0,97.0,40,0.0
146,354,0.0,17K531,"SCHOOL FOR HUMAN RIGHTS, THE",0.687,22.0,0.0,0.0,97.0,11,0.0
218,355,0.0,05M670,THURGOOD MARSHALL ACADEMY FOR LEARNING AND SOCIAL CHANGE,0.732,55.0,10.0,6.0,97.0,18,0.0
186,356,0.0,32K349,"I.S. 349 MATH, SCIENCE & TECH.",0.863,106.0,7.0,8.0,99.0,47,0.0
140,357,0.0,12X267,BRONX LATIN,0.835,79.0,0.0,0.0,98.0,39,0.0
84,358,0.0,28Q896,"YOUNG WOMEN'S LEADERSHIP SCHOOL, QUEENS",0.496,79.0,29.0,17.0,60.0,7,0.0
217,359,0.0,05M148,EAGLE ACADEMY FOR YOUNG MEN OF HARLEM,0.747,68.0,10.0,8.0,98.0,24,0.0
171,360,0.0,23K668,RIVERDALE AVENUE MIDDLE SCHOOL,0.804,38.0,6.0,13.0,98.0,13,0.0
124,361,0.0,04M406,GLOBAL TECHNOLOGY PREPARATORY,0.85,38.0,0.0,0.0,97.0,19,0.0
346,362,0.0,17K138,P.S. 138 BROOKLYN,0.7759999999999999,73.0,23.0,28.0,94.0,13,0.0
375,363,0.0,17K181,P.S. 181 BROOKLYN,0.721,77.0,28.0,34.0,95.0,11,0.0
219,364,0.0,07X029,P.S./M.S. 029 MELROSE SCHOOL,0.8909999999999999,89.0,10.0,12.0,96.0,34,0.0
431,365,0.0,04M171,P.S. 171 PATRICK HENRY,0.7509999999999999,95.0,43.0,47.0,89.0,5,0.0
285,366,0.0,09X303,I.S. X303 LEADERSHIP & COMMUNITY SERVICE,0.9009999999999999,99.0,16.0,12.0,98.0,34,0.0
75,367,0.0,31R027,I.S. 027 ANNING S. PRALL,0.557,325.0,77.0,23.0,63.0,56,0.0
321,368,0.0,06M324,M.S. 324 - PATRIA MIRABAL,0.779,132.0,20.0,13.0,95.0,45,0.0
145,369,0.0,14K614,YOUNG WOMEN'S LEADERSHIP SCHOOL OF BROOKLYN,0.68,54.0,0.0,0.0,91.0,25,0.0
116,370,0.0,02M655,LIFE SCIENCES SECONDARY SCHOOL,0.765,22.0,0.0,0.0,91.0,10,0.0
342,371,0.0,13K527,URBAN ASSEMBLY INSTITUTE OF MATH AND SCIENCE FOR YOUNG WOMEN,0.695,57.0,22.0,18.0,86.0,6,0.0
303,372,0.0,07X223,M.S. 223 THE LABORATORY SCHOOL OF FINANCE AND TECHNOLOGY,0.866,100.0,18.0,9.0,99.0,33,0.0
363,373,0.0,27Q297,HAWTREE CREEK MIDDLE SCHOOL,0.495,122.0,25.0,20.0,66.0,25,0.0
180,374,0.0,14K050,J.H.S. 050 JOHN D. WELLS,0.8220000000000001,109.0,7.0,8.0,96.0,47,0.0
250,375,0.0,23K664,BROOKLYN ENVIRONMENTAL EXPLORATION SCHOOL (BEES),0.8370000000000001,27.0,12.0,34.0,97.0,2,0.0
354,376,0.0,11X462,CORNERSTONE ACADEMY FOR SOCIAL ACTION MIDDLE SCHOOL (CASA),0.631,87.0,24.0,25.0,97.0,20,0.0
355,377,0.0,17K246,M.S. 246 WALT WHITMAN,0.708,138.0,24.0,16.0,96.0,45,0.0
150,378,0.0,23K697,TEACHERS PREPARATORY HIGH SCHOOL,0.7120000000000001,21.0,0.0,0.0,97.0,10,0.0
408,379,0.0,11X326,BRONX GREEN MIDDLE SCHOOL,0.778,137.0,37.0,27.0,83.0,27,0.0
276,380,0.0,11X532,BAYCHESTER MIDDLE SCHOOL,0.7020000000000001,100.0,15.0,13.0,95.0,34,0.0
152,381,0.0,27Q047,P.S. 047 CHRIS GALAS,0.304,10.0,0.0,0.0,17.0,1,0.0
263,382,0.0,17K722,NEW HEIGHTS MIDDLE SCHOOL,0.7440000000000001,69.0,13.0,18.0,93.0,21,0.0
442,383,0.0,19K452,FREDERICK DOUGLASS ACADEMY VIII MIDDLE SCHOOL,0.64,119.0,52.0,51.0,95.0,8,0.0
141,384,0.0,12X286,FANNIE LOU HAMER MIDDLE SCHOOL,0.843,94.0,0.0,0.0,97.0,47,0.0
246,385,0.0,19K663,SCHOOL OF THE FUTURE BROOKLYN,0.8909999999999999,61.0,12.0,19.0,97.0,19,0.0
314,386,0.0,08X448,SOUNDVIEW ACADEMY FOR CULTURE AND SCHOLARSHIP,0.802,134.0,19.0,15.0,96.0,47,0.0
284,387,0.0,06M346,COMMUNITY HEALTH ACADEMY OF THE HEIGHTS,0.85,99.0,16.0,7.0,98.0,34,0.0
200,388,0.0,04M108,P.S. 108 ASSEMBLYMAN ANGELO DEL TORO EDUCATIONAL COMPLEX,0.843,59.0,9.0,9.0,92.0,19,0.0
161,389,0.0,06M018,P.S. 018 PARK TERRACE,0.823,39.0,6.0,11.0,98.0,14,0.0
267,390,0.0,12X271,EAST BRONX ACADEMY FOR THE FUTURE,0.853,92.0,14.0,7.0,98.0,32,0.0
341,391,0.0,08X131,J.H.S. 131 ALBERT EINSTEIN,0.812,152.0,22.0,13.0,96.0,53,0.0
131,392,0.0,07X551,THE URBAN ASSEMBLY BRONX ACADEMY OF LETTERS,0.882,87.0,0.0,0.0,97.0,43,0.0
202,393,0.0,07X031,P.S./M.S. 031 THE WILLIAM LLOYD GARRISON,0.878,84.0,9.0,11.0,96.0,32,0.0
159,394,0.0,04M377,RENAISSANCE SCHOOL OF THE ARTS,0.865,39.0,6.0,11.0,98.0,14,0.0
235,395,0.0,08X123,J.H.S. 123 JAMES M. KIERAN,0.8759999999999999,128.0,11.0,12.0,99.0,54,0.0
195,396,0.0,23K155,P.S./ I.S. 155 NICHOLAS HERKIMER,0.877,52.0,8.0,23.0,96.0,18,0.0
242,397,0.0,06M311,AMISTAD DUAL LANGUAGE SCHOOL,0.713,43.0,12.0,33.0,93.0,9,0.0
155,398,0.0,29Q327,EAGLE ACADEMY FOR YOUNG MEN III,0.419,82.0,0.0,0.0,90.0,38,0.0
132,399,0.0,08X269,BRONX STUDIO SCHOOL FOR WRITERS AND ARTISTS,0.853,99.0,0.0,0.0,98.0,49,0.0
139,400,0.0,12X212,P.S. 212,0.8909999999999999,64.0,0.0,0.0,95.0,31,0.0
441,401,0.0,11X556,BRONX PARK MIDDLE SCHOOL,0.77,137.0,52.0,35.0,83.0,15,0.0
122,402,0.0,04M096,P.S. 096 JOSEPH LANZETTA,0.902,55.0,0.0,0.0,94.0,26,0.0
237,403,0.0,18K588,MIDDLE SCHOOL FOR ART AND PHILOSOPHY,0.778,62.0,11.0,18.0,94.0,19,0.0
243,404,0.0,10X315,P.S. 315 LAB SCHOOL,0.868,41.0,12.0,40.0,98.0,9,0.0
226,405,0.0,29Q116,P.S./I.S. 116 WILLIAM C. HUGHLEY,0.748,65.0,10.0,16.0,92.0,21,0.0
265,406,0.0,04M224,M.S. 224 MANHATTAN EAST SCHOOL FOR ARTS & ACADEMICS,0.708,63.0,14.0,25.0,87.0,16,0.0
430,407,0.0,31R049,I.S. 49 BERTA A. DREYFUS,0.745,215.0,42.0,17.0,76.0,51,0.0
333,408,0.0,15K464,PARK SLOPE COLLEGIATE,0.652,64.0,21.0,10.0,75.0,9,0.0
448,409,0.0,09X218,P.S./I.S. 218 RAFAEL HERNANDEZ DUAL LANGUAGE MAGNET SCHOOL,0.861,107.0,63.0,69.0,94.0,-8,-0.0
461,410,0.0,29Q238,I.S. 238 - SUSAN B. ANTHONY ACADEMY,0.609,471.0,123.0,23.0,67.0,79,0.0
407,411,0.0,18K211,I.S. 211 JOHN WILSON,0.601,195.0,36.0,19.0,98.0,62,0.0
254,412,0.0,05M499,FREDERICK DOUGLASS ACADEMY,0.708,95.0,13.0,3.0,94.0,33,0.0
74,413,1.0,01M839,TOMPKINS SQUARE MIDDLE SCHOOL,0.597,122.0,66.0,52.0,53.0,-2,-0.2
450,414,1.0,09X128,MOTT HALL III,0.852,125.0,68.0,57.0,98.0,-4,-0.4
216,415,5.0,03M859,SPECIAL MUSIC SCHOOL,0.253,14.0,10.0,17.0,28.0,-1,-0.5
271,416,6.0,02M442,"BALLET TECH, NYC PUBLIC SCHOOL FOR DANCE",0.46799999999999997,23.0,15.0,60.0,41.0,-1,-0.6
55,417,1.0,25Q294,BELL ACADEMY,0.255,99.0,69.0,50.0,31.0,-6,-0.6000000000000001
423,418,7.0,02M177,YORKVILLE EAST MIDDLE SCHOOL,0.271,76.0,42.0,51.0,40.0,-1,-0.7
78,419,3.0,03M862,MOTT HALL II,0.47700000000000004,116.0,64.0,52.0,63.0,-3,-0.8999999999999999
61,420,9.0,03M245,M.S. M245 THE COMPUTER SCHOOL,0.304,134.0,70.0,53.0,40.0,-1,-0.9
43,421,9.0,30Q300,THE 30TH AVENUE SCHOOL (G&T CITYWIDE),0.259,68.0,39.0,95.0,14.0,-1,-0.9
53,422,10.0,02M276,BATTERY PARK CITY SCHOOL,0.114,92.0,56.0,66.0,15.0,-1,-1.0
82,423,10.0,02M397,SPRUCE STREET SCHOOL,0.059000000000000004,58.0,36.0,65.0,15.0,-1,-1.0
96,424,5.0,02M896,LOWER MANHATTAN COMMUNITY MIDDLE SCHOOL,0.564,124.0,70.0,54.0,29.0,-2,-1.0
16,425,2.0,02M114,EAST SIDE MIDDLE SCHOOL,0.10400000000000001,150.0,124.0,81.0,12.0,-6,-1.2000000000000002
413,426,3.0,13K282,P.S. 282 PARK SLOPE,0.555,62.0,38.0,39.0,85.0,-5,-1.5
80,427,10.0,20K104,P.S./I.S. 104 THE FORT HAMILTON SCHOOL,0.523,158.0,87.0,51.0,28.0,-2,-2.0
72,428,10.0,03M243,M.S. 243 CENTER SCHOOL,0.18100000000000002,57.0,38.0,66.0,27.0,-2,-2.0
64,429,10.0,02M126,P.S. 126 JACOB AUGUST RIIS,0.728,111.0,66.0,58.0,32.0,-3,-3.0
20,430,10.0,24Q119,I.S. 119 THE GLENDALE,0.436,187.0,104.0,47.0,32.0,-3,-3.0
50,431,5.0,28Q680,QUEENS GATEWAY TO HEALTH SCIENCES SECONDARY SCHOOL,0.41,95.0,61.0,32.0,46.0,-6,-3.0
76,432,8.0,25Q499,"THE QUEENS COLLEGE SCHOOL FOR MATH, SCIENCE AND TECHNOLOGY",0.354,54.0,40.0,75.0,35.0,-4,-3.2
51,433,10.0,01M184,P.S. 184M SHUANG WEN,0.5589999999999999,83.0,67.0,77.0,15.0,-4,-4.0
58,434,10.0,20K229,P.S. 229 DYKER,0.385,115.0,93.0,72.0,13.0,-4,-4.0
38,435,10.0,04M012,TAG YOUNG SCHOLARS,0.435,86.0,54.0,96.0,44.0,-4,-4.0
29,436,9.0,20K686,BROOKLYN SCHOOL OF INQUIRY,0.209,58.0,80.0,94.0,10.0,-5,-4.5
4,437,7.0,02M312,NEW YORK CITY LAB MIDDLE SCHOOL FOR COLLABORATIVE STUDIES,0.308,177.0,163.0,90.0,10.0,-7,-4.8999999999999995
34,438,10.0,26Q172,IRWIN ALTMAN MIDDLE SCHOOL 172,0.271,331.0,189.0,55.0,23.0,-5,-5.0
57,439,10.0,25Q281,EAST-WEST SCHOOL OF INTERNATIONAL STUDIES,0.5379999999999999,100.0,70.0,35.0,28.0,-5,-5.0
28,440,8.0,30Q122,P.S. 122 MAMIE FAY,0.42100000000000004,94.0,74.0,98.0,27.0,-7,-5.6000000000000005
18,441,10.0,02M255,M.S. 255 SALK SCHOOL OF SCIENCE,0.131,128.0,108.0,84.0,13.0,-6,-6.0
21,442,10.0,03M334,THE ANDERSON SCHOOL,0.134,64.0,75.0,98.0,13.0,-6,-6.0
15,443,10.0,02M167,J.H.S. 167 ROBERT F. WAGNER,0.36,457.0,258.0,60.0,27.0,-7,-7.0
7,444,10.0,26Q074,J.H.S. 074 NATHANIEL HAWTHORNE,0.258,369.0,233.0,55.0,15.0,-7,-7.0
0,445,10.0,20K187,THE CHRISTA MCAULIFFE SCHOOL\I.S. 187,0.48,266.0,251.0,91.0,7.0,-8,-8.0
32,446,10.0,20K180,THE SEEALL ACADEMY,0.706,159.0,113.0,64.0,29.0,-9,-9.0
10,447,10.0,01M539,"NEW EXPLORATIONS INTO SCIENCE, TECHNOLOGY AND MATH HIGH SCHOOL",0.257,149.0,126.0,44.0,20.0,-10,-10.0
13,448,10.0,26Q067,J.H.S. 067 LOUIS PASTEUR,0.209,279.0,211.0,68.0,14.0,-10,-10.0
449,449,6.0,10X228,JONAS BRONCK ACADEMY,0.821,88.0,64.0,71.0,91.0,-17,-10.2
14,450,10.0,22K234,J.H.S. 234 ARTHUR W. CUNNINGHAM,0.46299999999999997,650.0,370.0,54.0,28.0,-11,-11.0
6,451,10.0,20K201,J.H.S. 201 THE DYKER HEIGHTS,0.5579999999999999,508.0,338.0,64.0,14.0,-11,-11.0
19,452,10.0,30Q580,BACCALAUREATE SCHOOL FOR GLOBAL EDUCATION,0.276,63.0,94.0,36.0,17.0,-11,-11.0
12,453,10.0,26Q158,M.S. 158 MARIE CURIE,0.27399999999999997,351.0,236.0,61.0,19.0,-11,-11.0
8,454,10.0,26Q216,J.H.S. 216 GEORGE J. RYAN,0.39899999999999997,470.0,304.0,62.0,17.0,-11,-11.0
1,455,10.0,21K239,MARK TWAIN I.S. 239 FOR THE GIFTED & TALENTED,0.311,422.0,336.0,78.0,12.0,-14,-14.0
5,456,10.0,21K098,I.S. 98 BAY ACADEMY,0.445,499.0,372.0,75.0,13.0,-15,-15.0
27,457,10.0,15K447,THE MATH & SCIENCE EXPLORATORY SCHOOL,0.244,176.0,134.0,75.0,37.0,-16,-16.0
25,458,10.0,02M104,J.H.S. 104 SIMON BARUCH,0.522,378.0,260.0,67.0,29.0,-19,-19.0
17,459,8.0,24Q073,I.S. 73 - THE FRANK SANSIVIERI INTERMEDIATE SCHOOL,0.573,687.0,394.0,51.0,60.0,-26,-20.8
2,460,10.0,03M054,J.H.S. 054 BOOKER T. WASHINGTON,0.221,295.0,257.0,91.0,20.0,-21,-21.0
42,461,9.0,14K318,I.S. 318 EUGENIO MARIA DE HOSTOS,0.6779999999999999,371.0,222.0,47.0,80.0,-26,-23.400000000000002
463,462,7.0,32K383,J.H.S. 383 PHILIPPA SCHUYLER,0.643,278.0,179.0,63.0,93.0,-35,-24.5
3,463,10.0,15K051,M.S. 51 WILLIAM ALEXANDER,0.248,379.0,280.0,75.0,29.0,-25,-25.0
105,464,10.0,18K235,P.S. 235 JANICE MARIE KNIGHT SCHOOL,0.52,92.0,89.0,97.0,95.0,-40,-40.0
